_id,title,main,slug,type,visibility,orphan,parkedId,parked,rank,level,aposDocId,path,lastPublishedAt,aposLocale,aposMode,metaType,createdAt,archived,titleSortified,updatedAt,cacheInvalidatedAt,updatedBy,highSearchText,highSearchWords,lowSearchText,searchSummary,historicUrls,header,modified,applyVisibilityToSubpages,relatedReverseIds,advisoryLock,attachment,alt,credit,creditUrl,tagsIds,tagsFields,description,picture,stack,subtitle,content,fileIds,fileFields,mediaType,feedback,position,headshot,url,headshotIds,headshotFields,organization,contents,thankYouHeading,thankYouBody,sendConfirmationEmail,emailConfirmationField,onSubmitSuccess,submitLabel,enableRecaptcha,enableQueryParams,queryParamList,enablePostmark,postmarkApiKey,fromEmail,toEmail,enableSpreadsheet,spreadsheetId,serviceAccountEmail,serviceAccountPrivateKey
clt4cxwou0005g5kqdtxxb89u:en:draft,Home,"{""_id"":""clt4cxwot0004g5kq5mvt5yre"",""items"":[{""intro"":{""_id"":""pbk9zuegfgp6j28qo7hvnev9"",""items"":[{""_id"":""z2pauos1md68tzhplgl19msz"",""metaType"":""widget"",""type"":""@apostrophecms/rich-text"",""aposPlaceholder"":false,""content"":""<h2 class=\""sf-head\"">who we are</h2><h3 class=\""sf-title\"">About</h3><p class=\""sf-rich\"">At Speed &amp; Function, we don't just create software — we co-create with the relentless belief that technology can amplify purpose. We partner with those who dare to push the limits, who see challenges as opportunities, and who are driven by the idea that their mission deserves more than just a tool — it deserves technology built to grow, evolve, and scale with their ambition. Together, we rewrite the rules, partnering with organizations to craft digital solutions that empower them to leave their mark on the world.</p>"",""permalinkIds"":[],""imageIds"":[]}],""metaType"":""area""},""records"":[{""_id"":""ygkwvo4b2k3bp6xxoubumocg"",""metaType"":""arrayItem"",""scopedArrayName"":""widget.about.records"",""number"":87,""description"":""Teammates in 20 countries""},{""_id"":""wcshsrb3xfso0k6jiks7swsn"",""metaType"":""arrayItem"",""scopedArrayName"":""widget.about.records"",""number"":178,""description"":""World-changing clients""},{""_id"":""u64y6f89st06tm2ctup2elaz"",""metaType"":""arrayItem"",""scopedArrayName"":""widget.about.records"",""number"":913,""description"":""Completed projects""}],""_id"":""cn2iumry9tfq22my4nv0uyqs"",""metaType"":""widget"",""type"":""about"",""aposPlaceholder"":false},{""intro"":{""_id"":""y307i5gkihunfhh8f42dmh1i"",""items"":[{""_id"":""nsjtngjwnq2ygke1l0y5octh"",""metaType"":""widget"",""type"":""@apostrophecms/rich-text"",""aposPlaceholder"":false,""content"":""<h2 class=\""sf-head\"">What we do</h2><h3 class=\""sf-title\"">Services</h3>"",""permalinkIds"":[],""imageIds"":[]}],""metaType"":""area""},""cards"":[{""_id"":""fnkwxxtstttxc928roxukbpa"",""metaType"":""arrayItem"",""scopedArrayName"":""widget.simple-cards.cards"",""cardTitle"":""SaaS Platforms!"",""cardContent"":{""_id"":""u55ili2wb0dkrso85f8aflpp"",""items"":[{""_id"":""x4zhpnx889zzmb7q2ub4lpd5"",""metaType"":""widget"",""type"":""@apostrophecms/rich-text"",""aposPlaceholder"":false,""content"":""<p class=\""paragraph\"">Security and <strong>performance</strong>, regardless of the number of users.</p>"",""permalinkIds"":[],""imageIds"":[]}],""metaType"":""area""}},{""_id"":""novhj5t1c53brfccd133mtmw"",""metaType"":""arrayItem"",""scopedArrayName"":""widget.simple-cards.cards"",""cardTitle"":""Mobile Apps"",""cardContent"":{""_id"":""vg838mpxvpznqus5pr6r6r7n"",""items"":[{""_id"":""urqx40k8sr2846nezqc0bj6o"",""metaType"":""widget"",""type"":""@apostrophecms/rich-text"",""aposPlaceholder"":false,""content"":""<p class=\""paragraph\"">Performance, ease-of-use, and seamless integration on all devices. </p>"",""permalinkIds"":[],""imageIds"":[]}],""metaType"":""area""}},{""_id"":""x7n1uprguma7caqy2enevdcx"",""metaType"":""arrayItem"",""scopedArrayName"":""widget.simple-cards.cards"",""cardTitle"":""Integrations"",""cardContent"":{""_id"":""pwfr1u6yo4qme84es4xxlgkm"",""items"":[{""_id"":""urvr5d48wu3cd25ukyvcnjzi"",""metaType"":""widget"",""type"":""@apostrophecms/rich-text"",""aposPlaceholder"":false,""content"":""<p class=\""paragraph\"">Applications that work together in real time as data syncs across all tools..</p>"",""permalinkIds"":[],""imageIds"":[]}],""metaType"":""area""}},{""_id"":""qshda3cdn0wmshoupx08jzhc"",""metaType"":""arrayItem"",""scopedArrayName"":""widget.simple-cards.cards"",""cardTitle"":""Large Websites"",""cardContent"":{""_id"":""gimq06p4p6fgbj3n0g206vc0"",""items"":[{""_id"":""ryn3y82zhhyi3wct93w54zkl"",""metaType"":""widget"",""type"":""@apostrophecms/rich-text"",""aposPlaceholder"":false,""content"":""<p class=\""paragraph\"">Built and integrated for maximum functionality and usability.</p>"",""permalinkIds"":[],""imageIds"":[]}],""metaType"":""area""}},{""_id"":""x0z8wd8hse2kclewfqpzc01k"",""metaType"":""arrayItem"",""scopedArrayName"":""widget.simple-cards.cards"",""cardTitle"":""Cloud Infrastructure"",""cardContent"":{""_id"":""r3x5emq00wera9m7avz2ccy3"",""items"":[{""_id"":""byyp2vc12ytndnjrtbfvx51f"",""metaType"":""widget"",""type"":""@apostrophecms/rich-text"",""aposPlaceholder"":false,""content"":""<p class=\""paragraph\"">Maximum performance at minimal cost. </p>"",""permalinkIds"":[],""imageIds"":[]}],""metaType"":""area""}},{""_id"":""xv7wrq83zoax0gvxhh17f4rr"",""metaType"":""arrayItem"",""scopedArrayName"":""widget.simple-cards.cards"",""cardTitle"":""Security"",""cardContent"":{""_id"":""h4oh9f59jn97ersv32im172r"",""items"":[{""_id"":""n19pgxaatpuqwwj4aa4p4kk8"",""metaType"":""widget"",""type"":""@apostrophecms/rich-text"",""aposPlaceholder"":false,""content"":""<p class=\""paragraph\"">AppSec and SDLC as a standard to ensure security is as tight as it can be.</p>"",""permalinkIds"":[],""imageIds"":[]}],""metaType"":""area""}}],""_id"":""n26f7o0j9i7gamot1u5vhhlc"",""metaType"":""widget"",""type"":""simple-cards"",""aposPlaceholder"":false},{""intro"":{""_id"":""s4j6fxlnunccopeg6s0mg6qc"",""items"":[{""_id"":""pn37gf5eln7dpnpgtoozq8w9"",""metaType"":""widget"",""type"":""@apostrophecms/rich-text"",""aposPlaceholder"":false,""content"":""<h2 class=\""sf-head\"">Our outstanding</h2><h3 class=\""sf-title\""><span id=\""projects\"">Projects</span></h3>"",""permalinkIds"":[],""imageIds"":[]}],""metaType"":""area""},""_id"":""anl60wh6pvory8c6l5uu48nh"",""metaType"":""widget"",""type"":""projects-carousel"",""aposPlaceholder"":false,""selectedProjectsIds"":[""et3te28y5njkmgj67glt5uei"",""adnux195j1nevw20dmnm745w"",""rl96be3fizx8ui6vwgqthhe4""],""selectedProjectsFields"":{""et3te28y5njkmgj67glt5uei"":{},""adnux195j1nevw20dmnm745w"":{},""rl96be3fizx8ui6vwgqthhe4"":{}}},{""intro"":{""_id"":""nvrp4kqepecjxd8qai6bm0u1"",""items"":[{""_id"":""ymhl6qas8obv5igx2c9qgu6g"",""metaType"":""widget"",""type"":""@apostrophecms/rich-text"",""aposPlaceholder"":false,""content"":""<h2 class=\""sf-head\""><span>Established</span></h2><h3 class=\""sf-title\""><span>Leadership Team</span></h3>"",""permalinkIds"":[],""imageIds"":[]}],""metaType"":""area""},""_id"":""cq4d11426chrbm5fn4s0b34m"",""metaType"":""widget"",""type"":""leadership-carousel"",""aposPlaceholder"":false},{""intro"":{""_id"":""blycix1j90gu3503c3chkicu"",""items"":[{""_id"":""w4hczwvrl9li4i8r7187wa9q"",""metaType"":""widget"",""type"":""@apostrophecms/rich-text"",""aposPlaceholder"":false,""content"":""<h2 class=\""sf-head\""><span>leadership, change, innovation</span></h2><h3 class=\""sf-title\""><span>Insights</span></h3>"",""permalinkIds"":[],""imageIds"":[]}],""metaType"":""area""},""_id"":""cgridh1eiolgp43b8vnh033y"",""metaType"":""widget"",""type"":""insights-carousel"",""aposPlaceholder"":false},{""intro"":{""_id"":""liw58ktzspw7cylevg7tfyhh"",""items"":[{""_id"":""sy7i7cte38033v6wfuxyc5l7"",""metaType"":""widget"",""type"":""@apostrophecms/rich-text"",""aposPlaceholder"":false,""content"":""<h2 class=\""sf-head\""><span>from our co-creators to future you</span></h2><h3 class=\""sf-title\""><span>Testimonials</span></h3>"",""permalinkIds"":[],""imageIds"":[]}],""metaType"":""area""},""_id"":""egsumbzrk3ny569ys6rsuswn"",""metaType"":""widget"",""type"":""testimonials-carousel"",""aposPlaceholder"":false,""testimonialsIds"":[""p54c161yx1vbwympn3fjy5le"",""e42pyx9h7fka80vpnsyv5bq4"",""xon1gwv5h9bcxtod1ed61rjx"",""biew2u5z44zn7p6nfx5ljbhb""],""testimonialsFields"":{""p54c161yx1vbwympn3fjy5le"":{},""e42pyx9h7fka80vpnsyv5bq4"":{},""xon1gwv5h9bcxtod1ed61rjx"":{},""biew2u5z44zn7p6nfx5ljbhb"":{}}},{""form"":{""_id"":""yyc4w4g81kcrtndoiymxi1rp"",""items"":[{""intro"":{""_id"":""q5gwfw4ah2bhhddjj0ybu0td"",""items"":[{""_id"":""mga9ww7a3ht8skr0qt6107xx"",""metaType"":""widget"",""type"":""@apostrophecms/rich-text"",""aposPlaceholder"":false,""content"":""<h2 class=\""sf-head\""><span>Ready to focus on what matters?</span></h2><h3 class=\""sf-title\""><span>Let’s Talk</span></h3>"",""permalinkIds"":[],""imageIds"":[]}],""metaType"":""area""},""_id"":""d7yi07cwytsrhgjaal4etclu"",""metaType"":""widget"",""type"":""@apostrophecms/form"",""aposPlaceholder"":false,""formIds"":[""j7cnb0e0l4lqvtn8gr7btl7w""],""formFields"":{""j7cnb0e0l4lqvtn8gr7btl7w"":{}}}],""metaType"":""area""},""_id"":""a9r5c7m84ic6pn0a8b47efdg"",""metaType"":""widget"",""type"":""contact"",""aposPlaceholder"":false}],""metaType"":""area""}",/,@apostrophecms/home-page,public,false,home,"[""slug"",""parkedId""]",0,0,clt4cxwou0005g5kqdtxxb89u,clt4cxwou0005g5kqdtxxb89u,2024-11-12T02:12:06.596Z,en:draft,draft,doc,2024-02-27T12:42:15.874Z,false,home,2024-11-12T02:12:03.822Z,2025-04-28T12:02:09.736Z,"{""_id"":""yf5mwlo6ixb47pgcdlf8evig"",""title"":""alexost"",""username"":""alexost""}",home apostrophecms home page public home evolving with purpose let s co create page btn dark discover our projects custom sf button underline teammates in 20 countries world changing clients completed projects saas platforms mobile apps integrations large websites cloud infrastructure security,"[""home"",""apostrophecms"",""page"",""public"",""evolving"",""with"",""purpose"",""let"",""s"",""co"",""create"",""btn"",""dark"",""discover"",""our"",""projects"",""custom"",""sf"",""button"",""underline"",""teammates"",""in"",""20"",""countries"",""world"",""changing"",""clients"",""completed"",""saas"",""platforms"",""mobile"",""apps"",""integrations"",""large"",""websites"",""cloud"",""infrastructure"",""security""]",home apostrophecms home page public home evolving with purpose co creating a future without limits let s co create page btn dark discover our projects custom sf button underline who we are about at speed function we don t just create software we co create with the relentless belief that technology can amplify purpose we partner with those who dare to push the limits who see challenges as opportunities and who are driven by the idea that their mission deserves more than just a tool it deserves technology built to grow evolve and scale with their ambition together we rewrite the rules partnering with organizations to craft digital solutions that empower them to leave their mark on the world teammates in 20 countries world changing clients completed projects what we do services saas platforms security and performance regardless of the number of users mobile apps performance ease of use and seamless integration on all devices integrations applications that work together in real time as data syncs across all tools large websites built and integrated for maximum functionality and usability cloud infrastructure maximum performance at minimal cost security appsec and sdlc as a standard to ensure security is as tight as it can be our outstanding projects established leadership team leadership change innovation insights from our co creators to future you testimonials ready to focus on what matters let s talk,"
Co-creating a Future 
Without Limits 
who we are
About
At Speed & Function, we don't just create software — we co-create with the relentless belief that technology can amplify purpose. We partner with those who dare to push the limits, who see challenges as opportunities, and who are driven by the idea that their mission deserves more than just a tool — it deserves technology built to grow, evolve, and scale with their ambition. Together, we rewrite the rules, partnering with organizations to craft digital solutions that empower them to leave their mark on the world. 
What we do
Services 
Security and performance, regardless of the number of users. 
Performance, ease-of-use, and seamless integration on all devices.  
Applications that work together in real time as data syncs across all tools.. 
Built and integrated for maximum functionality and usability. 
Maximum performance at minimal cost.  
AppSec and SDLC as a standard to ensure security is as tight as it can be. 
Our outstanding
Projects 
Established
Leadership Team 
leadership, change, innovation
Insights 
from our co-creators to future you
Testimonials 
Ready to focus on what matters?
Let’s Talk","[""/""]","{""_id"":""clt4mdtpi000ckzkq7dvv2xex"",""items"":[{""heading"":""Evolving with Purpose"",""content"":{""_id"":""sucepjy1o33trwqnpja4sdrs"",""items"":[{""_id"":""orzet40sxajte599hckt5sd9"",""metaType"":""widget"",""type"":""@apostrophecms/rich-text"",""aposPlaceholder"":false,""content"":""<h1 style=\""text-align:center\"">Co-creating a <strong>Future</strong> </h1><h1 style=\""text-align:center\"">Without Limits</h1>"",""permalinkIds"":[],""imageIds"":[]},{""buttonCollection"":[{""_id"":""hiy10a1118ypddnl5e9bukk9"",""metaType"":""arrayItem"",""scopedArrayName"":""widget.buttons.buttonCollection"",""button"":{""_id"":""fwrp0v565fg4ogpnq7bcd8qd"",""linkTitle"":""Let’s co-create"",""linkType"":""page"",""customUrl"":null,""target"":[],""metaType"":""object"",""scopedObjectName"":""widget.buttons.button"",""pageIds"":[""oe9o8wnsmaju5wk0qetj4gax""],""pageFields"":{""oe9o8wnsmaju5wk0qetj4gax"":{}},""fileIds"":[],""fileFields"":{}},""buttonConfig"":{""_id"":""my1oy9o9nl6p8zhuttx78x2s"",""buttonStyle"":""btn-dark"",""metaType"":""object"",""scopedObjectName"":""widget.buttons.buttonConfig""}},{""_id"":""fttxrw4bvntufp3sh8p2lgne"",""metaType"":""arrayItem"",""scopedArrayName"":""widget.buttons.buttonCollection"",""button"":{""_id"":""xvvddi4vmgka1wkfx3mghu8r"",""linkTitle"":""discover our projects"",""linkType"":""custom"",""customUrl"":""#projects"",""target"":[],""metaType"":""object"",""scopedObjectName"":""widget.buttons.button"",""pageIds"":[],""pageFields"":{},""fileIds"":[],""fileFields"":{}},""buttonConfig"":{""_id"":""chssh3yu13s14s7ioundhdi3"",""buttonStyle"":""sf-button_underline"",""metaType"":""object"",""scopedObjectName"":""widget.buttons.buttonConfig""}}],""_id"":""a8r7elfdzenhwv5mwbmh132e"",""metaType"":""widget"",""type"":""buttons"",""aposPlaceholder"":false}],""metaType"":""area""},""_id"":""is3zljomat10se9plsen0du6"",""metaType"":""widget"",""type"":""home-hero"",""aposPlaceholder"":false}],""metaType"":""area""}",false,false,"[""clt4cxwo20003g5kq78bidxpe"",""zr260y61lqil7fqyodplg3qo""]","{""username"":""admin"",""title"":""admin"",""_id"":""w7iv0a7i28bw4c1po5bq0trl"",""updatedAt"":""2025-04-28T11:59:08.233Z""}",,,,,,,,,,,,,,,,,,,,,,,,,,,,,,,,,,,,,,,
zr260y61lqil7fqyodplg3qo:en:draft,Built Differently,"{""_id"":""h0en1yk98zp1ymj4p336fiom"",""items"":[{""label"":"""",""title"":""BUILT DIFFERENTLY"",""description"":""We solve people problems as well as tech problems."",""_id"":""hw6qhe53mpl8zu6xadsdkchp"",""metaType"":""widget"",""type"":""page-intro"",""aposPlaceholder"":false},{""_id"":""v9nputz3yivj090ngmu5wtyf"",""metaType"":""widget"",""type"":""@apostrophecms/rich-text"",""aposPlaceholder"":false,""content"":""<p><span>Most software failures don’t happen in the code. They happen in the gaps between teams, unclear expectations, shifting priorities, and short-term thinking.</span></p><p><span>We work differently.</span></p><p><span>Our approach is built for complexity — with long-term partnership, adaptive delivery, and developmental practices that help people grow alongside the systems they build.</span></p>"",""permalinkIds"":[],""imageIds"":[]},{""size"":100,""_id"":""hj4q6efk8otqmy88cf4q30se"",""metaType"":""widget"",""type"":""whitespace"",""aposPlaceholder"":false},{""intro"":{""_id"":""atse7tii18zpqd44awxz01l9"",""items"":[{""_id"":""fgnkahpd312bdcel4vccjmev"",""metaType"":""widget"",""type"":""@apostrophecms/rich-text"",""aposPlaceholder"":false,""content"":""<h3 class=\""sf-subscribe__title\""><span>What that looks like:</span></h3>"",""permalinkIds"":[],""imageIds"":[]}],""metaType"":""area""},""cards"":[{""_id"":""i903w8nm9pfvu0s4x41o6cwi"",""metaType"":""arrayItem"",""scopedArrayName"":""widget.simple-cards.cards"",""cardTitle"":""Embedded alignment"",""cardContent"":{""_id"":""q3s917755vf0iv7gcyszux25"",""items"":[],""metaType"":""area""}},{""_id"":""aa80ye5g28o3xplbaej7km6v"",""metaType"":""arrayItem"",""scopedArrayName"":""widget.simple-cards.cards"",""cardTitle"":""Reliable, evolving delivery"",""cardContent"":{""_id"":""z9ltxb9sjlupz3o3uaiknz4l"",""items"":[],""metaType"":""area""}},{""_id"":""xenopz05luwq1ir1a5sl0edk"",""metaType"":""arrayItem"",""scopedArrayName"":""widget.simple-cards.cards"",""cardTitle"":""Human-centered development"",""cardContent"":{""_id"":""gothv09k5k00vct4mwjniesz"",""items"":[],""metaType"":""area""}},{""_id"":""eb3rqaxifi2kj6t7r891y6q3"",""metaType"":""arrayItem"",""scopedArrayName"":""widget.simple-cards.cards"",""cardTitle"":""Strategic adaptability"",""cardContent"":{""_id"":""i48epejvb6tofu61eyllnwa4"",""items"":[],""metaType"":""area""}}],""_id"":""ek84ciokbtvjf3h7knbs6idi"",""metaType"":""widget"",""type"":""simple-cards"",""aposPlaceholder"":false},{""_id"":""d53g5wpljwmeyhpwd97wvu0c"",""metaType"":""widget"",""type"":""@apostrophecms/rich-text"",""aposPlaceholder"":false,""content"":""<p><span><strong>With 900+ launches and a 95% retention rate, we’ve helped organizations turn complexity into momentum — and teams into trusted collaborators.</strong></span></p>"",""permalinkIds"":[],""imageIds"":[]},{""size"":32,""_id"":""pnf93en8olnxymz5jxmyuhah"",""metaType"":""widget"",""type"":""whitespace"",""aposPlaceholder"":false},{""alignment"":""center"",""buttonCollection"":[{""_id"":""iywwa2jfz7beqwbd272hwumk"",""metaType"":""arrayItem"",""scopedArrayName"":""widget.buttons.buttonCollection"",""button"":{""_id"":""ibl4p222c7lm6y6fxuml7pyv"",""linkTitle"":""See our case studies"",""linkType"":""page"",""customUrl"":null,""target"":[],""metaType"":""object"",""scopedObjectName"":""widget.buttons.button"",""pageIds"":[""clt4cxwou0005g5kqdtxxb89u""],""pageFields"":{""clt4cxwou0005g5kqdtxxb89u"":{}},""fileIds"":[],""fileFields"":{}},""buttonConfig"":{""_id"":""b6f7cxywbwqdyd2xs3co37a4"",""buttonStyle"":""sf-button_underline"",""metaType"":""object"",""scopedObjectName"":""widget.buttons.buttonConfig""}},{""_id"":""xjfwt38gilsx73hmdrtf0lyz"",""metaType"":""arrayItem"",""scopedArrayName"":""widget.buttons.buttonCollection"",""button"":{""_id"":""vhmpvhy21f5vowb3a5hjzkoj"",""linkTitle"":""How we deliver"",""linkType"":""page"",""customUrl"":null,""target"":[],""metaType"":""object"",""scopedObjectName"":""widget.buttons.button"",""pageIds"":[""clt4cxwou0005g5kqdtxxb89u""],""pageFields"":{""clt4cxwou0005g5kqdtxxb89u"":{}},""fileIds"":[],""fileFields"":{}},""buttonConfig"":{""_id"":""nh2mj7sqv343nbid14j3kyj2"",""buttonStyle"":""sf-button_underline"",""metaType"":""object"",""scopedObjectName"":""widget.buttons.buttonConfig""}},{""_id"":""jrhdy5o90i34l5a8ue912qn5"",""metaType"":""arrayItem"",""scopedArrayName"":""widget.buttons.buttonCollection"",""button"":{""_id"":""sfi4uw9ou2pq03urz6o8yr68"",""linkTitle"":""Let’s start building"",""linkType"":""page"",""customUrl"":null,""target"":[],""metaType"":""object"",""scopedObjectName"":""widget.buttons.button"",""pageIds"":[""clt4cxwou0005g5kqdtxxb89u""],""pageFields"":{""clt4cxwou0005g5kqdtxxb89u"":{}},""fileIds"":[],""fileFields"":{}},""buttonConfig"":{""_id"":""wdwqdvsggq90fa0u6zj9ul2k"",""buttonStyle"":""sf-button_underline"",""metaType"":""object"",""scopedObjectName"":""widget.buttons.buttonConfig""}}],""_id"":""ls7mbp3l44calw4v01mxy6sr"",""metaType"":""widget"",""type"":""buttons"",""aposPlaceholder"":false},{""size"":52,""_id"":""rox5wlho8dhfn4k8uk2pp3g5"",""metaType"":""widget"",""type"":""whitespace"",""aposPlaceholder"":false}],""metaType"":""area""}",/built-differently,default-page,public,false,,,27,1,zr260y61lqil7fqyodplg3qo,clt4cxwou0005g5kqdtxxb89u/zr260y61lqil7fqyodplg3qo,2025-04-28T12:02:09.764Z,en:draft,draft,doc,2025-04-26T16:47:51.736Z,false,built differently,2025-04-28T12:02:09.736Z,2025-04-28T12:02:09.736Z,"{""_id"":""dvt6sqdpaxqlq28ovgdq32ar"",""title"":""admin"",""username"":""admin""}",built differently built differently built differently default page public built differently built differently we solve people problems as well as tech problems embedded alignment reliable evolving delivery human centered development strategic adaptability center see our case studies page sf button underline how we deliver page sf button underline let s start building page sf button underline,"[""built"",""differently"",""default"",""page"",""public"",""we"",""solve"",""people"",""problems"",""as"",""well"",""tech"",""embedded"",""alignment"",""reliable"",""evolving"",""delivery"",""human"",""centered"",""development"",""strategic"",""adaptability"",""center"",""see"",""our"",""case"",""studies"",""sf"",""button"",""underline"",""how"",""deliver"",""let"",""s"",""start"",""building""]",built differently built differently built differently default page public built differently built differently we solve people problems as well as tech problems most software failures don t happen in the code they happen in the gaps between teams unclear expectations shifting priorities and short term thinking we work differently our approach is built for complexity with long term partnership adaptive delivery and developmental practices that help people grow alongside the systems they build what that looks like embedded alignment reliable evolving delivery human centered development strategic adaptability with 900 launches and a 95 retention rate we ve helped organizations turn complexity into momentum and teams into trusted collaborators center see our case studies page sf button underline how we deliver page sf button underline let s start building page sf button underline,"
Most software failures don’t happen in the code. They happen in the gaps between teams, unclear expectations, shifting priorities, and short-term thinking.
We work differently.
Our approach is built for complexity — with long-term partnership, adaptive delivery, and developmental practices that help people grow alongside the systems they build. 
What that looks like: 
With 900+ launches and a 95% retention rate, we’ve helped organizations turn complexity into momentum — and teams into trusted collaborators.","[""/built-differently""]","{""_id"":""rn65u00sp4q2qcfgazm9035t"",""items"":[],""metaType"":""area""}",false,false,,,,,,,,,,,,,,,,,,,,,,,,,,,,,,,,,,,,,,,,,
sk807rxh1dwiycwoqe35idqp:en:draft,lifelines,,image-lifelines,@apostrophecms/image,public,,,,,,sk807rxh1dwiycwoqe35idqp,,2024-11-04T22:46:24.396Z,en:draft,draft,doc,2024-11-04T22:46:24.377Z,false,lifelines,2024-11-04T22:46:24.377Z,2024-11-06T02:40:44.821Z,"{""_id"":""yf5mwlo6ixb47pgcdlf8evig"",""title"":""alexost"",""username"":""alexost""}",lifelines lifelines lifelines lifelines lifelines,"[""lifelines""]",lifelines lifelines lifelines lifelines lifelines,,,,false,,"[""rl96be3fizx8ui6vwgqthhe4""]",,"{""_id"":""fkxao5zfdzraomhucyf4jzi0"",""crop"":null,""group"":""images"",""createdAt"":""2024-11-04T22:46:24.253Z"",""name"":""lifelines"",""title"":""lifelines"",""extension"":""jpg"",""type"":""attachment"",""docIds"":[],""archivedDocIds"":[],""length"":993819,""md5"":""f2c4f95343c1235a63135ac6adc9cee6"",""width"":2154,""height"":1200,""landscape"":true,""used"":true}",,,,[],{},,,,,,,,,,,,,,,,,,,,,,,,,,,,,,,,,
rv8fhxomcw3jus7w6uwi3ctj:en:draft,life,,file-life,@apostrophecms/file,public,,,,,,rv8fhxomcw3jus7w6uwi3ctj,,2024-11-06T02:39:32.157Z,en:draft,draft,doc,2024-11-06T02:39:32.141Z,false,life,2024-11-06T02:39:32.141Z,2024-11-06T02:40:44.821Z,"{""_id"":""yf5mwlo6ixb47pgcdlf8evig"",""title"":""alexost"",""username"":""alexost""}",life file life life life file life,"[""life"",""file""]",life file life life life file life,,,,false,,"[""rl96be3fizx8ui6vwgqthhe4""]",,"{""_id"":""llgwmvbhd14gjkr4c5qqgl73"",""crop"":null,""group"":""videofiles"",""createdAt"":""2024-11-06T02:39:30.052Z"",""name"":""life"",""title"":""life"",""extension"":""mp4"",""type"":""attachment"",""docIds"":[],""archivedDocIds"":[],""length"":8938956,""md5"":""81a832e2464fe5bcb3629f0f45c94917"",""used"":true}",,,,[],{},,,,,,,,,,,,,,,,,,,,,,,,,,,,,,,,,
rl96be3fizx8ui6vwgqthhe4:en:draft,Fertility Lifelines,,fertility-lifelines,projects,public,,,,,,rl96be3fizx8ui6vwgqthhe4,,2024-11-06T02:40:45.021Z,en:draft,draft,doc,2024-11-05T14:15:29.999Z,false,fertility lifelines,2024-11-06T02:40:44.821Z,2024-11-12T02:12:03.822Z,"{""_id"":""yf5mwlo6ixb47pgcdlf8evig"",""title"":""alexost"",""username"":""alexost""}",fertility lifelines fertility lifelines video fertility lifelines cms based development cloud migration website redesign and migration fertility lifelines public,"[""fertility"",""lifelines"",""video"",""cms"",""based"",""development"",""cloud"",""migration"",""website"",""redesign"",""and"",""public""]",fertility lifelines fertility lifelines video fertility lifelines cms based development cloud migration website redesign and migration developed a wordpress site for fertility savings treatments and resources fertility lifelines public,"
Developed a WordPress site for fertility savings, treatments, and resources.",,,false,,"[""clt4cxwou0005g5kqdtxxb89u""]",,,,,,,,,"{""_id"":""do29nx8u2n5ea095t2osadyr"",""items"":[{""_id"":""r25mosn6nxmbh4z456rgbcdt"",""metaType"":""widget"",""type"":""@apostrophecms/image"",""aposPlaceholder"":false,""imageIds"":[""sk807rxh1dwiycwoqe35idqp""],""imageFields"":{""sk807rxh1dwiycwoqe35idqp"":{""top"":0,""left"":277,""width"":1600,""height"":1200,""x"":50,""y"":50}}}],""metaType"":""area""}","CMS-based Development, Cloud Migration",Website Redesign and Migration,"{""_id"":""k9bgavm6cf9tqtkmh8rlknus"",""items"":[{""_id"":""df5w0raaxpjfibtzw75jebzk"",""metaType"":""widget"",""type"":""@apostrophecms/rich-text"",""aposPlaceholder"":false,""content"":""<p class=\""paragraph\""><span>Developed a WordPress site for fertility savings, treatments, and resources.</span></p>"",""permalinkIds"":[],""imageIds"":[]}],""metaType"":""area""}","[""rv8fhxomcw3jus7w6uwi3ctj""]","{""rv8fhxomcw3jus7w6uwi3ctj"":{}}",video,,,,,,,,,,,,,,,,,,,,,,,,,
u7g8s61ni9nsbkkkcq7ar4tk:en:draft,water,,image-water,@apostrophecms/image,public,,,,,,u7g8s61ni9nsbkkkcq7ar4tk,,2024-11-04T22:42:52.481Z,en:draft,draft,doc,2024-11-04T22:42:52.473Z,false,water,2024-11-04T22:42:52.473Z,2024-11-05T23:09:23.455Z,"{""_id"":""yf5mwlo6ixb47pgcdlf8evig"",""title"":""alexost"",""username"":""alexost""}",water water water water water,"[""water""]",water water water water water,,,,false,,"[""et3te28y5njkmgj67glt5uei""]",,"{""_id"":""kq3wddmzdkbyusktmgenhbvx"",""crop"":null,""group"":""images"",""createdAt"":""2024-11-04T22:42:52.308Z"",""name"":""water"",""title"":""water"",""extension"":""jpg"",""type"":""attachment"",""docIds"":[],""archivedDocIds"":[],""length"":1063336,""md5"":""67064e4a5f1af74fa63a3e82599a921a"",""width"":2154,""height"":1200,""landscape"":true,""used"":true}",,,,[],{},,,,,,,,,,,,,,,,,,,,,,,,,,,,,,,,,
bky54v54uw6al0niu9q1y0q7:en:draft,water,,file-water,@apostrophecms/file,public,,,,,,bky54v54uw6al0niu9q1y0q7,,2024-11-05T23:09:05.133Z,en:draft,draft,doc,2024-11-05T23:09:05.093Z,false,water,2024-11-05T23:09:05.093Z,2024-11-05T23:09:23.455Z,"{""_id"":""yf5mwlo6ixb47pgcdlf8evig"",""title"":""alexost"",""username"":""alexost""}",water file water water water file water,"[""water"",""file""]",water file water water water file water,,,,false,,"[""et3te28y5njkmgj67glt5uei""]",,"{""_id"":""vufexza5vy19qp8aa2vfhecs"",""crop"":null,""group"":""videofiles"",""createdAt"":""2024-11-05T22:45:18.449Z"",""name"":""water"",""title"":""water"",""extension"":""mp4"",""type"":""attachment"",""docIds"":[],""archivedDocIds"":[],""length"":26961258,""md5"":""77da1374f987ac1adc24ed0f49f1c0ca"",""used"":true}",,,,[],{},,,,,,,,,,,,,,,,,,,,,,,,,,,,,,,,,
et3te28y5njkmgj67glt5uei:en:draft,Watts Water,,watts-water,projects,public,,,,,,et3te28y5njkmgj67glt5uei,,2024-11-05T23:09:23.755Z,en:draft,draft,doc,2024-11-05T14:18:02.921Z,false,watts water,2024-11-05T23:09:23.455Z,2024-11-12T02:12:03.822Z,"{""_id"":""yf5mwlo6ixb47pgcdlf8evig"",""title"":""alexost"",""username"":""alexost""}",watts water watts water video watts water mobile development enabling iot for water solutions watts water public,"[""watts"",""water"",""video"",""mobile"",""development"",""enabling"",""iot"",""for"",""solutions"",""public""]",watts water watts water video watts water mobile development enabling iot for water solutions delivered a mobile app for water engineers to access device data offline and sync with cloud when online watts water public,"
Delivered a mobile app for water engineers to access device data offline and sync with cloud when online.",,,false,,"[""clt4cxwou0005g5kqdtxxb89u""]",,,,,,,,,"{""_id"":""liucuxovewktxiu16n8xo4aq"",""items"":[{""_id"":""z9pgwlbd9c02rnjlzihtzdwo"",""metaType"":""widget"",""type"":""@apostrophecms/image"",""aposPlaceholder"":false,""imageIds"":[""u7g8s61ni9nsbkkkcq7ar4tk""],""imageFields"":{""u7g8s61ni9nsbkkkcq7ar4tk"":{""top"":null,""left"":null,""width"":null,""height"":null,""x"":null,""y"":null}}}],""metaType"":""area""}",Mobile Development,Enabling IoT for Water Solutions,"{""_id"":""foswxatongupivpi5f6dec43"",""items"":[{""_id"":""cm2678tdn8ec4bt89f9g9evc"",""metaType"":""widget"",""type"":""@apostrophecms/rich-text"",""aposPlaceholder"":false,""content"":""<p class=\""paragraph\""><span>Delivered a mobile app for water engineers to access device data offline and sync with cloud when online.</span></p>"",""permalinkIds"":[],""imageIds"":[]}],""metaType"":""area""}","[""bky54v54uw6al0niu9q1y0q7""]","{""clurlny5q00wfclkqdsp80ux9"":{},""bky54v54uw6al0niu9q1y0q7"":{}}",video,,,,,,,,,,,,,,,,,,,,,,,,,
umr086m3crt95c8iyf3k5gwm:en:draft,film,,image-film,@apostrophecms/image,public,,,,,,umr086m3crt95c8iyf3k5gwm,,2024-11-04T22:44:53.523Z,en:draft,draft,doc,2024-11-04T22:44:53.511Z,false,film,2024-11-04T22:44:53.512Z,2024-11-04T22:45:53.191Z,"{""_id"":""yf5mwlo6ixb47pgcdlf8evig"",""title"":""alexost"",""username"":""alexost""}",film film film film film,"[""film""]",film film film film film,,,,false,,"[""adnux195j1nevw20dmnm745w""]",,"{""_id"":""ko5o0ng9l2ibtpfl67rm0z30"",""crop"":null,""group"":""images"",""createdAt"":""2024-11-04T22:44:53.404Z"",""name"":""film"",""title"":""film"",""extension"":""jpg"",""type"":""attachment"",""docIds"":[],""archivedDocIds"":[],""length"":2896029,""md5"":""bab673d8fb5296c19493a669871b6d17"",""width"":4032,""height"":3024,""landscape"":true,""used"":true}",,,,[],{},,,,,,,,,,,,,,,,,,,,,,,,,,,,,,,,,
adnux195j1nevw20dmnm745w:en:draft,PoC,,poc,projects,public,,,,,,adnux195j1nevw20dmnm745w,,2024-11-05T14:16:59.923Z,en:draft,draft,doc,2024-11-05T14:16:59.726Z,false,poc,2024-11-05T14:16:59.726Z,2024-11-12T02:12:03.822Z,"{""_id"":""yf5mwlo6ixb47pgcdlf8evig"",""title"":""alexost"",""username"":""alexost""}",poc poc poc mvp development ml ai film industry ai assistant poc public,"[""poc"",""mvp"",""development"",""ml"",""ai"",""film"",""industry"",""assistant"",""public""]",poc poc poc mvp development ml ai film industry ai assistant created a 3 tier ai assistant to support film production at personal project and company levels poc public,"
Created a 3-tier AI assistant to support film production at personal, project, and company levels.",,,false,,"[""clt4cxwou0005g5kqdtxxb89u""]",,,,,,,,,"{""_id"":""n4q0cq7zd3ucremyxtnatvx3"",""items"":[{""_id"":""kwutvhohr3w2ip63lxsndgxq"",""metaType"":""widget"",""type"":""@apostrophecms/image"",""aposPlaceholder"":false,""imageIds"":[""umr086m3crt95c8iyf3k5gwm""],""imageFields"":{""umr086m3crt95c8iyf3k5gwm"":{""top"":0,""left"":0,""width"":4032,""height"":3024,""x"":null,""y"":null}}}],""metaType"":""area""}","MVP development, ML/AI",Film Industry AI Assistant,"{""_id"":""q1c3vpn50bfizm9ypfwrf2ra"",""items"":[{""_id"":""vx2cjg5u1dkuarv5e468htii"",""metaType"":""widget"",""type"":""@apostrophecms/rich-text"",""aposPlaceholder"":false,""content"":""<p class=\""paragraph\""><span>Created a 3-tier AI assistant to support film production at personal, project, and company levels.</span></p>"",""permalinkIds"":[],""imageIds"":[]}],""metaType"":""area""}",[],{},image,,,,,,,,,,,,,,,,,,,,,,,,,
ystfnctrjy2t6jh18m896sf8:en:draft,andy,,image-andy,@apostrophecms/image,public,,,,,,ystfnctrjy2t6jh18m896sf8,,2024-11-13T23:30:23.669Z,en:draft,draft,doc,2024-11-13T23:29:04.324Z,false,andy,2024-11-13T23:30:23.653Z,2024-11-13T23:30:33.365Z,"{""_id"":""yf5mwlo6ixb47pgcdlf8evig"",""title"":""alexost"",""username"":""alexost""}",andy image andy endy andy image andy,"[""andy"",""image"",""endy""]",andy image andy endy andy image andy,,,,false,,"[""e42pyx9h7fka80vpnsyv5bq4""]",,"{""_id"":""i6sbjyr8qbnspryzrr36byjp"",""crop"":null,""group"":""images"",""createdAt"":""2024-11-13T23:29:04.195Z"",""name"":""endy"",""title"":""endy"",""extension"":""jpg"",""type"":""attachment"",""docIds"":[""ystfnctrjy2t6jh18m896sf8:en:draft"",""ystfnctrjy2t6jh18m896sf8:en:published""],""archivedDocIds"":[],""length"":50593,""md5"":""736e383d81204e76bcaab2ef3975ca0c"",""width"":320,""height"":320,""portrait"":true,""used"":true,""utilized"":true,""archived"":false}",,,,[],{},,,,,,,,,,,,,,,,,,,,,,,,,,,,,,,,,
e42pyx9h7fka80vpnsyv5bq4:en:draft,Andy Fleming,,andy-fleming,testimonials,public,,,,,,e42pyx9h7fka80vpnsyv5bq4,,2024-11-13T23:30:33.566Z,en:draft,draft,doc,2024-10-01T12:48:27.879Z,false,andy fleming,2024-11-13T23:30:33.365Z,2024-11-13T23:30:33.365Z,"{""_id"":""yf5mwlo6ixb47pgcdlf8evig"",""title"":""alexost"",""username"":""alexost""}",andy fleming andy fleming andy fleming ceo founding principal the developmental edge developmentaledge com andy fleming public,"[""andy"",""fleming"",""ceo"",""founding"",""principal"",""the"",""developmental"",""edge"",""developmentaledge"",""com"",""public""]",andy fleming andy fleming andy fleming ceo founding principal the developmental edge the developmental sprint app enables individuals and teams to overcome hurdles to success within three months of our initial conversation with s f we had our first beta version to test with a client within six months we were using it as a cornerstone of our business expansion developmentaledge com andy fleming public,"
The Developmental Sprint® app enables individuals and teams to overcome hurdles to success. Within three months of our initial conversation with S&F, we had our first beta-version to test with a client. Within six months, we were using it as a cornerstone of our business expansion.",,,false,,"[""clt4cxwou0005g5kqdtxxb89u""]",,,,,,,,,,,,,,,,"{""_id"":""z9wkydis3c6nhp0qudcrtkl4"",""items"":[{""_id"":""utzwzr00fhechcipkamrglnv"",""metaType"":""widget"",""type"":""@apostrophecms/rich-text"",""aposPlaceholder"":false,""content"":""<p class=\""paragraph\"">The Developmental Sprint® app enables individuals and teams to overcome hurdles to success. Within three months of our initial conversation with S&amp;F, we had our first beta-version to test with a client. Within six months, we were using it as a cornerstone of our business expansion.</p>"",""permalinkIds"":[],""imageIds"":[]}],""metaType"":""area""}",CEO & Founding Principal,"{""_id"":""m2cj9c2zmi67ny5cmr0pbx8j"",""items"":[{""_id"":""nqizlpdh7fgxudg8karbmql0"",""metaType"":""widget"",""type"":""@apostrophecms/image"",""aposPlaceholder"":false,""imageIds"":[""ystfnctrjy2t6jh18m896sf8""],""imageFields"":{""ystfnctrjy2t6jh18m896sf8"":{""top"":null,""left"":null,""width"":null,""height"":null,""x"":null,""y"":null}}}],""metaType"":""area""}",developmentaledge.com,[],{},The Developmental Edge,,,,,,,,,,,,,,,,,,
mb4cgudduxloxhgrjtinv0gv:en:draft,mat,,image-mat,@apostrophecms/image,public,,,,,,mb4cgudduxloxhgrjtinv0gv,,2024-11-13T23:29:05.445Z,en:draft,draft,doc,2024-11-13T23:29:05.420Z,false,mat,2024-11-13T23:29:05.420Z,2024-11-13T23:29:47.007Z,"{""_id"":""yf5mwlo6ixb47pgcdlf8evig"",""title"":""alexost"",""username"":""alexost""}",mat mat mat mat mat,"[""mat""]",mat mat mat mat mat,,,,false,,"[""xon1gwv5h9bcxtod1ed61rjx""]",,"{""_id"":""akh3b0sqiwv4xgthkqmt8t4j"",""crop"":null,""group"":""images"",""createdAt"":""2024-11-13T23:29:05.278Z"",""name"":""mat"",""title"":""mat"",""extension"":""jpg"",""type"":""attachment"",""docIds"":[],""archivedDocIds"":[],""length"":65275,""md5"":""a20d3639e1a7d30b00c6a4032992af1c"",""width"":320,""height"":320,""portrait"":true,""used"":true}",,,,[],{},,,,,,,,,,,,,,,,,,,,,,,,,,,,,,,,,
xon1gwv5h9bcxtod1ed61rjx:en:draft,Matt from Wikimedia,,matt-from-wikimedia,testimonials,public,,,,,,xon1gwv5h9bcxtod1ed61rjx,,2024-11-13T23:29:47.186Z,en:draft,draft,doc,2024-10-01T12:49:47.390Z,false,matt from wikimedia,2024-11-13T23:29:47.007Z,2024-11-13T23:29:47.007Z,"{""_id"":""yf5mwlo6ixb47pgcdlf8evig"",""title"":""alexost"",""username"":""alexost""}",matt from wikimedia matt from wikimedia matt from wikimedia leader wikimedia wikimediafoundation org matt from wikimedia public,"[""matt"",""from"",""wikimedia"",""leader"",""wikimediafoundation"",""org"",""public""]",matt from wikimedia matt from wikimedia matt from wikimedia leader wikimedia speed function connects the dots unfortunately other parts of the world give you only what you ask for you don t get connecting the dots problem solving or creativity wikimediafoundation org matt from wikimedia public,"
Speed & Function connects the dots. Unfortunately, other parts of the world give you only what you ask for. You don’t get connecting the dots, problem-solving, or creativity.",,,false,,"[""clt4cxwou0005g5kqdtxxb89u""]",,,,,,,,,,,,,,,,"{""_id"":""y7i20kniigsdxrppf1d3c5iq"",""items"":[{""_id"":""ep1mvzf8jnmtehhrwxc9qguv"",""metaType"":""widget"",""type"":""@apostrophecms/rich-text"",""aposPlaceholder"":false,""content"":""<p class=\""paragraph\"">Speed &amp; Function connects the dots. Unfortunately, other parts of the world give you only what you ask for. You don’t get connecting the dots, problem-solving, or creativity.</p>"",""permalinkIds"":[],""imageIds"":[]}],""metaType"":""area""}",Leader,"{""_id"":""o6oyl30i5ni6n9922rn5kbpv"",""items"":[{""_id"":""ymlqht9i7tcvsrx09fwwg2ov"",""metaType"":""widget"",""type"":""@apostrophecms/image"",""aposPlaceholder"":false,""imageIds"":[""mb4cgudduxloxhgrjtinv0gv""],""imageFields"":{""mb4cgudduxloxhgrjtinv0gv"":{""top"":null,""left"":null,""width"":null,""height"":null,""x"":null,""y"":null}}}],""metaType"":""area""}",wikimediafoundation.org,[],{},Wikimedia,,,,,,,,,,,,,,,,,,
foyggalaxx9dvy8z6jyumt1g:en:draft,robert,,image-robert,@apostrophecms/image,public,,,,,,foyggalaxx9dvy8z6jyumt1g,,2024-11-13T23:29:04.704Z,en:draft,draft,doc,2024-11-13T23:29:04.689Z,false,robert,2024-11-13T23:29:04.689Z,2024-11-13T23:29:25.266Z,"{""_id"":""yf5mwlo6ixb47pgcdlf8evig"",""title"":""alexost"",""username"":""alexost""}",robert robert robert robert robert,"[""robert""]",robert robert robert robert robert,,,,false,,"[""p54c161yx1vbwympn3fjy5le""]",,"{""_id"":""nipgd5wz5fzckzxqvmdjz463"",""crop"":null,""group"":""images"",""createdAt"":""2024-11-13T23:29:04.568Z"",""name"":""robert"",""title"":""robert"",""extension"":""jpg"",""type"":""attachment"",""docIds"":[],""archivedDocIds"":[],""length"":30755,""md5"":""09f1e3b62594def00ef9ace8af0794f7"",""width"":320,""height"":320,""portrait"":true,""used"":true}",,,,[],{},,,,,,,,,,,,,,,,,,,,,,,,,,,,,,,,,
p54c161yx1vbwympn3fjy5le:en:draft,Robert Scanlon,,robert-scanlon,testimonials,public,,,,,,p54c161yx1vbwympn3fjy5le,,2024-11-13T23:29:25.452Z,en:draft,draft,doc,2024-11-04T14:21:10.151Z,false,robert scanlon,2024-11-13T23:29:25.266Z,2024-11-13T23:29:25.266Z,"{""_id"":""yf5mwlo6ixb47pgcdlf8evig"",""title"":""alexost"",""username"":""alexost""}",robert scanlon robert scanlon robert scanlon president of scanlon consulting group llc wikimediafoundation org robert scanlon public,"[""robert"",""scanlon"",""president"",""of"",""consulting"",""group"",""llc"",""wikimediafoundation"",""org"",""public""]",robert scanlon robert scanlon robert scanlon president of scanlon consulting group llc speed function connects the dots unfortunately other parts of the world give you only what you ask for you don t get connecting the dots problem solving or creativity wikimediafoundation org robert scanlon public,"
Speed & Function connects the dots. Unfortunately, other parts of the world give you only what you ask for. You don’t get connecting the dots, problem-solving, or creativity.",,,false,,"[""clt4cxwou0005g5kqdtxxb89u""]",,,,,,,,,,,,,,,,"{""_id"":""arevij2olj7jf70be2fnx41q"",""items"":[{""_id"":""vavaaptmzu1ughuv75grs4g6"",""metaType"":""widget"",""type"":""@apostrophecms/rich-text"",""aposPlaceholder"":false,""content"":""<p class=\""paragraph\"">Speed &amp; Function connects the dots. Unfortunately, other parts of the world give you only what you ask for. You don’t get connecting the dots, problem-solving, or creativity.</p>"",""permalinkIds"":[],""imageIds"":[]}],""metaType"":""area""}",President of Scanlon,"{""_id"":""d4botnh486t0o3pymu99gtyu"",""items"":[{""_id"":""vhli0bsk5cvj85hvlqsav607"",""metaType"":""widget"",""type"":""@apostrophecms/image"",""aposPlaceholder"":false,""imageIds"":[""foyggalaxx9dvy8z6jyumt1g""],""imageFields"":{""foyggalaxx9dvy8z6jyumt1g"":{""top"":null,""left"":null,""width"":null,""height"":null,""x"":null,""y"":null}}}],""metaType"":""area""}",wikimediafoundation.org,,,Consulting Group LLC,,,,,,,,,,,,,,,,,,
clt62my96003uqmkq4nmp1xlk:en:draft,2b0e75db72cd6957ee3d511306bb42325253e6e6,,image-2b0e75db72cd6957ee3d511306bb42325253e6e6,@apostrophecms/image,public,,,,,,clt62my96003uqmkq4nmp1xlk,,2024-02-29T17:26:08.648Z,en:draft,draft,doc,2024-02-28T17:29:20.874Z,false,2b0e75db72cd6957ee3d511306bb42325253e6e6,2024-02-29T17:26:08.639Z,2024-11-04T14:27:24.556Z,"{""_id"":""clt4dglec000334kqg619c9ru"",""title"":""admin"",""username"":""admin""}",2b0e75db72cd6957ee3d511306bb42325253e6e6 image 2b0e75db72cd6957ee3d511306bb42325253e6e6 2b0e75db72cd6957ee3d511306bb42325253e6e6 2b0e75db72cd6957ee3d511306bb42325253e6e6 aups image 2b0e75db72cd6957ee3d511306bb42325253e6e6,"[""2b0e75db72cd6957ee3d511306bb42325253e6e6"",""image"",""aups""]",2b0e75db72cd6957ee3d511306bb42325253e6e6 image 2b0e75db72cd6957ee3d511306bb42325253e6e6 2b0e75db72cd6957ee3d511306bb42325253e6e6 2b0e75db72cd6957ee3d511306bb42325253e6e6 aups image 2b0e75db72cd6957ee3d511306bb42325253e6e6,,,,false,,"[""biew2u5z44zn7p6nfx5ljbhb""]",,"{""_id"":""clt62my0w003tqmkqgkxaeftt"",""crop"":null,""group"":""images"",""createdAt"":""2024-02-28T17:29:20.716Z"",""name"":""2b0e75db72cd6957ee3d511306bb42325253e6e6"",""title"":""2b0e75db72cd6957ee3d511306bb42325253e6e6"",""extension"":""jpg"",""type"":""attachment"",""docIds"":[""clt62my96003uqmkq4nmp1xlk:en:draft"",""clt62my96003uqmkq4nmp1xlk:en:published"",""clt62my96003uqmkq4nmp1xlk:en:previous""],""archivedDocIds"":[],""length"":23253,""md5"":""70d7da1cac2fc302382295da498ead4f"",""width"":657,""height"":377,""landscape"":true,""used"":true,""utilized"":true,""archived"":false}",aups,,,[],{},,,,,,,,,,,,,,,,,,,,,,,,,,,,,,,,,
biew2u5z44zn7p6nfx5ljbhb:en:draft,Test,,test,testimonials,public,,,,,,biew2u5z44zn7p6nfx5ljbhb,,2024-11-04T14:27:24.726Z,en:draft,draft,doc,2024-11-04T14:27:24.556Z,false,test,2024-11-04T14:27:24.556Z,2024-11-12T02:12:03.822Z,"{""_id"":""yf5mwlo6ixb47pgcdlf8evig"",""title"":""alexost"",""username"":""alexost""}",test test test test test test test public,"[""test"",""public""]",test test test test test test test test public,"
test",,,false,,"[""clt4cxwou0005g5kqdtxxb89u""]",,,,,,,,,,,,,,,,"{""_id"":""o2l4uk84chc38frhenr62c1u"",""items"":[{""_id"":""g6n9npqvzg1t5citysidla05"",""metaType"":""widget"",""type"":""@apostrophecms/rich-text"",""aposPlaceholder"":false,""content"":""<p class=\""paragraph\"">test</p>"",""permalinkIds"":[],""imageIds"":[]}],""metaType"":""area""}",Test,"{""_id"":""mfbeqrpo9p5fzdq1lvgb38dr"",""items"":[{""_id"":""i42cunati3yumvjqa87hph9p"",""metaType"":""widget"",""type"":""@apostrophecms/image"",""aposPlaceholder"":false,""imageIds"":[""clt62my96003uqmkq4nmp1xlk""],""imageFields"":{""clt62my96003uqmkq4nmp1xlk"":{""top"":0,""left"":186,""width"":377,""height"":377,""x"":38,""y"":50}}}],""metaType"":""area""}",test,,,Test,,,,,,,,,,,,,,,,,,
j7cnb0e0l4lqvtn8gr7btl7w:en:draft,Let’s Talk,,let-s-talk,@apostrophecms/form,public,,,,,,j7cnb0e0l4lqvtn8gr7btl7w,,2024-11-18T23:33:06.584Z,en:draft,draft,doc,2024-11-05T07:42:13.791Z,false,let s talk,2024-11-18T23:33:06.347Z,2024-11-18T23:33:06.347Z,"{""_id"":""yf5mwlo6ixb47pgcdlf8evig"",""title"":""alexost"",""username"":""alexost""}",let s talk let s talk let s talk name name text linkedin profile linkedin profile text e mail e mail text describe your project or challenge describe your project or challenge let s talk public your future starts now send,"[""let"",""s"",""talk"",""name"",""text"",""linkedin"",""profile"",""e"",""mail"",""describe"",""your"",""project"",""or"",""challenge"",""public"",""future"",""starts"",""now"",""send""]",let s talk let s talk let s talk name name text linkedin profile linkedin profile text e mail e mail text describe your project or challenge describe your project or challenge let s talk public your future starts now we ll be in touch by email within 24 hours meanwhile feel free to explore more about our future collaboration send,"
We’ll be in touch by email within 24 hours. Meanwhile, feel free to explore more about our future collaboration.",,,false,,"[""clt4cxwou0005g5kqdtxxb89u""]",,,,,,,,,,,,,,,,,,,,,,,"{""_id"":""i920aj730e1p4h5ymfbg74wx"",""items"":[{""fieldLabel"":""Name*"",""required"":true,""fieldName"":""name"",""inputType"":""text"",""placeholder"":"""",""_id"":""vfi9qspnpox47ouh5svi8zz5"",""metaType"":""widget"",""type"":""@apostrophecms/form-text-field"",""aposPlaceholder"":false},{""fieldLabel"":""LinkedIn profile*"",""required"":true,""fieldName"":""linkedin-profile"",""inputType"":""text"",""placeholder"":"""",""_id"":""o7e4accnt6z352rpjsdxp33c"",""metaType"":""widget"",""type"":""@apostrophecms/form-text-field"",""aposPlaceholder"":false},{""fieldLabel"":""E-mail*"",""required"":true,""fieldName"":""e-mail"",""inputType"":""text"",""placeholder"":"""",""_id"":""eopowhmka5zgxyjwouxemjga"",""metaType"":""widget"",""type"":""@apostrophecms/form-text-field"",""aposPlaceholder"":false},{""fieldLabel"":""Describe your project or challenge"",""required"":false,""fieldName"":""describe-your-project-or-challenge"",""placeholder"":"""",""_id"":""x7harm3gb4nafbbz2g6mlwvp"",""metaType"":""widget"",""type"":""@apostrophecms/form-textarea-field"",""aposPlaceholder"":false}],""metaType"":""area""}",Your future starts now,"{""_id"":""aeemlt1auyvesemdyyr954jv"",""items"":[{""_id"":""u3u6oy3fp647ekhycnodskxn"",""metaType"":""widget"",""type"":""@apostrophecms/rich-text"",""aposPlaceholder"":false,""content"":""<p>We’ll be in touch by email within 24 hours. Meanwhile, feel free to explore more about our future collaboration.</p>"",""permalinkIds"":[],""imageIds"":[]}],""metaType"":""area""}",false,,,Send,false,false,[],false,,,,false,,,
clt4cxwou0005g5kqdtxxb89u:en:published,Home,"{""_id"":""clt4cxwot0004g5kq5mvt5yre"",""items"":[{""intro"":{""_id"":""pbk9zuegfgp6j28qo7hvnev9"",""items"":[{""_id"":""z2pauos1md68tzhplgl19msz"",""metaType"":""widget"",""type"":""@apostrophecms/rich-text"",""aposPlaceholder"":false,""content"":""<h2 class=\""sf-head\"">who we are</h2><h3 class=\""sf-title\"">About</h3><p class=\""sf-rich\"">At Speed &amp; Function, we don't just create software — we co-create with the relentless belief that technology can amplify purpose. We partner with those who dare to push the limits, who see challenges as opportunities, and who are driven by the idea that their mission deserves more than just a tool — it deserves technology built to grow, evolve, and scale with their ambition. Together, we rewrite the rules, partnering with organizations to craft digital solutions that empower them to leave their mark on the world.</p>"",""permalinkIds"":[],""imageIds"":[]}],""metaType"":""area""},""records"":[{""_id"":""ygkwvo4b2k3bp6xxoubumocg"",""metaType"":""arrayItem"",""scopedArrayName"":""widget.about.records"",""number"":87,""description"":""Teammates in 20 countries""},{""_id"":""wcshsrb3xfso0k6jiks7swsn"",""metaType"":""arrayItem"",""scopedArrayName"":""widget.about.records"",""number"":178,""description"":""World-changing clients""},{""_id"":""u64y6f89st06tm2ctup2elaz"",""metaType"":""arrayItem"",""scopedArrayName"":""widget.about.records"",""number"":913,""description"":""Completed projects""}],""_id"":""cn2iumry9tfq22my4nv0uyqs"",""metaType"":""widget"",""type"":""about"",""aposPlaceholder"":false},{""intro"":{""_id"":""y307i5gkihunfhh8f42dmh1i"",""items"":[{""_id"":""nsjtngjwnq2ygke1l0y5octh"",""metaType"":""widget"",""type"":""@apostrophecms/rich-text"",""aposPlaceholder"":false,""content"":""<h2 class=\""sf-head\"">What we do</h2><h3 class=\""sf-title\"">Services</h3>"",""permalinkIds"":[],""imageIds"":[]}],""metaType"":""area""},""cards"":[{""_id"":""fnkwxxtstttxc928roxukbpa"",""metaType"":""arrayItem"",""scopedArrayName"":""widget.simple-cards.cards"",""cardTitle"":""SaaS Platforms!"",""cardContent"":{""_id"":""u55ili2wb0dkrso85f8aflpp"",""items"":[{""_id"":""x4zhpnx889zzmb7q2ub4lpd5"",""metaType"":""widget"",""type"":""@apostrophecms/rich-text"",""aposPlaceholder"":false,""content"":""<p class=\""paragraph\"">Security and <strong>performance</strong>, regardless of the number of users.</p>"",""permalinkIds"":[],""imageIds"":[]}],""metaType"":""area""}},{""_id"":""novhj5t1c53brfccd133mtmw"",""metaType"":""arrayItem"",""scopedArrayName"":""widget.simple-cards.cards"",""cardTitle"":""Mobile Apps"",""cardContent"":{""_id"":""vg838mpxvpznqus5pr6r6r7n"",""items"":[{""_id"":""urqx40k8sr2846nezqc0bj6o"",""metaType"":""widget"",""type"":""@apostrophecms/rich-text"",""aposPlaceholder"":false,""content"":""<p class=\""paragraph\"">Performance, ease-of-use, and seamless integration on all devices. </p>"",""permalinkIds"":[],""imageIds"":[]}],""metaType"":""area""}},{""_id"":""x7n1uprguma7caqy2enevdcx"",""metaType"":""arrayItem"",""scopedArrayName"":""widget.simple-cards.cards"",""cardTitle"":""Integrations"",""cardContent"":{""_id"":""pwfr1u6yo4qme84es4xxlgkm"",""items"":[{""_id"":""urvr5d48wu3cd25ukyvcnjzi"",""metaType"":""widget"",""type"":""@apostrophecms/rich-text"",""aposPlaceholder"":false,""content"":""<p class=\""paragraph\"">Applications that work together in real time as data syncs across all tools..</p>"",""permalinkIds"":[],""imageIds"":[]}],""metaType"":""area""}},{""_id"":""qshda3cdn0wmshoupx08jzhc"",""metaType"":""arrayItem"",""scopedArrayName"":""widget.simple-cards.cards"",""cardTitle"":""Large Websites"",""cardContent"":{""_id"":""gimq06p4p6fgbj3n0g206vc0"",""items"":[{""_id"":""ryn3y82zhhyi3wct93w54zkl"",""metaType"":""widget"",""type"":""@apostrophecms/rich-text"",""aposPlaceholder"":false,""content"":""<p class=\""paragraph\"">Built and integrated for maximum functionality and usability.</p>"",""permalinkIds"":[],""imageIds"":[]}],""metaType"":""area""}},{""_id"":""x0z8wd8hse2kclewfqpzc01k"",""metaType"":""arrayItem"",""scopedArrayName"":""widget.simple-cards.cards"",""cardTitle"":""Cloud Infrastructure"",""cardContent"":{""_id"":""r3x5emq00wera9m7avz2ccy3"",""items"":[{""_id"":""byyp2vc12ytndnjrtbfvx51f"",""metaType"":""widget"",""type"":""@apostrophecms/rich-text"",""aposPlaceholder"":false,""content"":""<p class=\""paragraph\"">Maximum performance at minimal cost. </p>"",""permalinkIds"":[],""imageIds"":[]}],""metaType"":""area""}},{""_id"":""xv7wrq83zoax0gvxhh17f4rr"",""metaType"":""arrayItem"",""scopedArrayName"":""widget.simple-cards.cards"",""cardTitle"":""Security"",""cardContent"":{""_id"":""h4oh9f59jn97ersv32im172r"",""items"":[{""_id"":""n19pgxaatpuqwwj4aa4p4kk8"",""metaType"":""widget"",""type"":""@apostrophecms/rich-text"",""aposPlaceholder"":false,""content"":""<p class=\""paragraph\"">AppSec and SDLC as a standard to ensure security is as tight as it can be.</p>"",""permalinkIds"":[],""imageIds"":[]}],""metaType"":""area""}}],""_id"":""n26f7o0j9i7gamot1u5vhhlc"",""metaType"":""widget"",""type"":""simple-cards"",""aposPlaceholder"":false},{""intro"":{""_id"":""s4j6fxlnunccopeg6s0mg6qc"",""items"":[{""_id"":""pn37gf5eln7dpnpgtoozq8w9"",""metaType"":""widget"",""type"":""@apostrophecms/rich-text"",""aposPlaceholder"":false,""content"":""<h2 class=\""sf-head\"">Our outstanding</h2><h3 class=\""sf-title\""><span id=\""projects\"">Projects</span></h3>"",""permalinkIds"":[],""imageIds"":[]}],""metaType"":""area""},""_id"":""anl60wh6pvory8c6l5uu48nh"",""metaType"":""widget"",""type"":""projects-carousel"",""aposPlaceholder"":false,""selectedProjectsIds"":[""et3te28y5njkmgj67glt5uei"",""adnux195j1nevw20dmnm745w"",""rl96be3fizx8ui6vwgqthhe4""],""selectedProjectsFields"":{""et3te28y5njkmgj67glt5uei"":{},""adnux195j1nevw20dmnm745w"":{},""rl96be3fizx8ui6vwgqthhe4"":{}}},{""intro"":{""_id"":""nvrp4kqepecjxd8qai6bm0u1"",""items"":[{""_id"":""ymhl6qas8obv5igx2c9qgu6g"",""metaType"":""widget"",""type"":""@apostrophecms/rich-text"",""aposPlaceholder"":false,""content"":""<h2 class=\""sf-head\""><span>Established</span></h2><h3 class=\""sf-title\""><span>Leadership Team</span></h3>"",""permalinkIds"":[],""imageIds"":[]}],""metaType"":""area""},""_id"":""cq4d11426chrbm5fn4s0b34m"",""metaType"":""widget"",""type"":""leadership-carousel"",""aposPlaceholder"":false},{""intro"":{""_id"":""blycix1j90gu3503c3chkicu"",""items"":[{""_id"":""w4hczwvrl9li4i8r7187wa9q"",""metaType"":""widget"",""type"":""@apostrophecms/rich-text"",""aposPlaceholder"":false,""content"":""<h2 class=\""sf-head\""><span>leadership, change, innovation</span></h2><h3 class=\""sf-title\""><span>Insights</span></h3>"",""permalinkIds"":[],""imageIds"":[]}],""metaType"":""area""},""_id"":""cgridh1eiolgp43b8vnh033y"",""metaType"":""widget"",""type"":""insights-carousel"",""aposPlaceholder"":false},{""intro"":{""_id"":""liw58ktzspw7cylevg7tfyhh"",""items"":[{""_id"":""sy7i7cte38033v6wfuxyc5l7"",""metaType"":""widget"",""type"":""@apostrophecms/rich-text"",""aposPlaceholder"":false,""content"":""<h2 class=\""sf-head\""><span>from our co-creators to future you</span></h2><h3 class=\""sf-title\""><span>Testimonials</span></h3>"",""permalinkIds"":[],""imageIds"":[]}],""metaType"":""area""},""_id"":""egsumbzrk3ny569ys6rsuswn"",""metaType"":""widget"",""type"":""testimonials-carousel"",""aposPlaceholder"":false,""testimonialsIds"":[""p54c161yx1vbwympn3fjy5le"",""e42pyx9h7fka80vpnsyv5bq4"",""xon1gwv5h9bcxtod1ed61rjx"",""biew2u5z44zn7p6nfx5ljbhb""],""testimonialsFields"":{""p54c161yx1vbwympn3fjy5le"":{},""e42pyx9h7fka80vpnsyv5bq4"":{},""xon1gwv5h9bcxtod1ed61rjx"":{},""biew2u5z44zn7p6nfx5ljbhb"":{}}},{""form"":{""_id"":""yyc4w4g81kcrtndoiymxi1rp"",""items"":[{""intro"":{""_id"":""q5gwfw4ah2bhhddjj0ybu0td"",""items"":[{""_id"":""mga9ww7a3ht8skr0qt6107xx"",""metaType"":""widget"",""type"":""@apostrophecms/rich-text"",""aposPlaceholder"":false,""content"":""<h2 class=\""sf-head\""><span>Ready to focus on what matters?</span></h2><h3 class=\""sf-title\""><span>Let’s Talk</span></h3>"",""permalinkIds"":[],""imageIds"":[]}],""metaType"":""area""},""_id"":""d7yi07cwytsrhgjaal4etclu"",""metaType"":""widget"",""type"":""@apostrophecms/form"",""aposPlaceholder"":false,""formIds"":[""j7cnb0e0l4lqvtn8gr7btl7w""],""formFields"":{""j7cnb0e0l4lqvtn8gr7btl7w"":{}}}],""metaType"":""area""},""_id"":""a9r5c7m84ic6pn0a8b47efdg"",""metaType"":""widget"",""type"":""contact"",""aposPlaceholder"":false}],""metaType"":""area""}",/,@apostrophecms/home-page,public,false,home,"[""slug"",""parkedId""]",0,0,clt4cxwou0005g5kqdtxxb89u,clt4cxwou0005g5kqdtxxb89u,2024-11-12T02:12:06.596Z,en:published,published,doc,2024-02-27T12:42:15.870Z,false,home,2024-11-12T02:12:06.659Z,2025-04-28T12:02:09.768Z,"{""_id"":""yf5mwlo6ixb47pgcdlf8evig"",""title"":""alexost"",""username"":""alexost""}",home apostrophecms home page public home evolving with purpose let s co create page btn dark discover our projects custom sf button underline teammates in 20 countries world changing clients completed projects saas platforms mobile apps integrations large websites cloud infrastructure security,"[""home"",""apostrophecms"",""page"",""public"",""evolving"",""with"",""purpose"",""let"",""s"",""co"",""create"",""btn"",""dark"",""discover"",""our"",""projects"",""custom"",""sf"",""button"",""underline"",""teammates"",""in"",""20"",""countries"",""world"",""changing"",""clients"",""completed"",""saas"",""platforms"",""mobile"",""apps"",""integrations"",""large"",""websites"",""cloud"",""infrastructure"",""security""]",home apostrophecms home page public home evolving with purpose co creating a future without limits let s co create page btn dark discover our projects custom sf button underline who we are about at speed function we don t just create software we co create with the relentless belief that technology can amplify purpose we partner with those who dare to push the limits who see challenges as opportunities and who are driven by the idea that their mission deserves more than just a tool it deserves technology built to grow evolve and scale with their ambition together we rewrite the rules partnering with organizations to craft digital solutions that empower them to leave their mark on the world teammates in 20 countries world changing clients completed projects what we do services saas platforms security and performance regardless of the number of users mobile apps performance ease of use and seamless integration on all devices integrations applications that work together in real time as data syncs across all tools large websites built and integrated for maximum functionality and usability cloud infrastructure maximum performance at minimal cost security appsec and sdlc as a standard to ensure security is as tight as it can be our outstanding projects established leadership team leadership change innovation insights from our co creators to future you testimonials ready to focus on what matters let s talk,"
Co-creating a Future 
Without Limits 
who we are
About
At Speed & Function, we don't just create software — we co-create with the relentless belief that technology can amplify purpose. We partner with those who dare to push the limits, who see challenges as opportunities, and who are driven by the idea that their mission deserves more than just a tool — it deserves technology built to grow, evolve, and scale with their ambition. Together, we rewrite the rules, partnering with organizations to craft digital solutions that empower them to leave their mark on the world. 
What we do
Services 
Security and performance, regardless of the number of users. 
Performance, ease-of-use, and seamless integration on all devices.  
Applications that work together in real time as data syncs across all tools.. 
Built and integrated for maximum functionality and usability. 
Maximum performance at minimal cost.  
AppSec and SDLC as a standard to ensure security is as tight as it can be. 
Our outstanding
Projects 
Established
Leadership Team 
leadership, change, innovation
Insights 
from our co-creators to future you
Testimonials 
Ready to focus on what matters?
Let’s Talk","[""/""]","{""_id"":""clt4mdtpi000ckzkq7dvv2xex"",""items"":[{""heading"":""Evolving with Purpose"",""content"":{""_id"":""sucepjy1o33trwqnpja4sdrs"",""items"":[{""_id"":""orzet40sxajte599hckt5sd9"",""metaType"":""widget"",""type"":""@apostrophecms/rich-text"",""aposPlaceholder"":false,""content"":""<h1 style=\""text-align:center\"">Co-creating a <strong>Future</strong> </h1><h1 style=\""text-align:center\"">Without Limits</h1>"",""permalinkIds"":[],""imageIds"":[]},{""buttonCollection"":[{""_id"":""hiy10a1118ypddnl5e9bukk9"",""metaType"":""arrayItem"",""scopedArrayName"":""widget.buttons.buttonCollection"",""button"":{""_id"":""fwrp0v565fg4ogpnq7bcd8qd"",""linkTitle"":""Let’s co-create"",""linkType"":""page"",""customUrl"":null,""target"":[],""metaType"":""object"",""scopedObjectName"":""widget.buttons.button"",""pageIds"":[""oe9o8wnsmaju5wk0qetj4gax""],""pageFields"":{""oe9o8wnsmaju5wk0qetj4gax"":{}},""fileIds"":[],""fileFields"":{}},""buttonConfig"":{""_id"":""my1oy9o9nl6p8zhuttx78x2s"",""buttonStyle"":""btn-dark"",""metaType"":""object"",""scopedObjectName"":""widget.buttons.buttonConfig""}},{""_id"":""fttxrw4bvntufp3sh8p2lgne"",""metaType"":""arrayItem"",""scopedArrayName"":""widget.buttons.buttonCollection"",""button"":{""_id"":""xvvddi4vmgka1wkfx3mghu8r"",""linkTitle"":""discover our projects"",""linkType"":""custom"",""customUrl"":""#projects"",""target"":[],""metaType"":""object"",""scopedObjectName"":""widget.buttons.button"",""pageIds"":[],""pageFields"":{},""fileIds"":[],""fileFields"":{}},""buttonConfig"":{""_id"":""chssh3yu13s14s7ioundhdi3"",""buttonStyle"":""sf-button_underline"",""metaType"":""object"",""scopedObjectName"":""widget.buttons.buttonConfig""}}],""_id"":""a8r7elfdzenhwv5mwbmh132e"",""metaType"":""widget"",""type"":""buttons"",""aposPlaceholder"":false}],""metaType"":""area""},""_id"":""is3zljomat10se9plsen0du6"",""metaType"":""widget"",""type"":""home-hero"",""aposPlaceholder"":false}],""metaType"":""area""}",,,"[""clt4cxwo20003g5kq78bidxpe"",""zr260y61lqil7fqyodplg3qo""]",,,,,,,,,,,,,,,,,,,,,,,,,,,,,,,,,,,,,,,,
zr260y61lqil7fqyodplg3qo:en:published,Built Differently,"{""_id"":""h0en1yk98zp1ymj4p336fiom"",""items"":[{""label"":"""",""title"":""BUILT DIFFERENTLY"",""description"":""We solve people problems as well as tech problems."",""_id"":""hw6qhe53mpl8zu6xadsdkchp"",""metaType"":""widget"",""type"":""page-intro"",""aposPlaceholder"":false},{""_id"":""v9nputz3yivj090ngmu5wtyf"",""metaType"":""widget"",""type"":""@apostrophecms/rich-text"",""aposPlaceholder"":false,""content"":""<p><span>Most software failures don’t happen in the code. They happen in the gaps between teams, unclear expectations, shifting priorities, and short-term thinking.</span></p><p><span>We work differently.</span></p><p><span>Our approach is built for complexity — with long-term partnership, adaptive delivery, and developmental practices that help people grow alongside the systems they build.</span></p>"",""permalinkIds"":[],""imageIds"":[]},{""size"":100,""_id"":""hj4q6efk8otqmy88cf4q30se"",""metaType"":""widget"",""type"":""whitespace"",""aposPlaceholder"":false},{""intro"":{""_id"":""atse7tii18zpqd44awxz01l9"",""items"":[{""_id"":""fgnkahpd312bdcel4vccjmev"",""metaType"":""widget"",""type"":""@apostrophecms/rich-text"",""aposPlaceholder"":false,""content"":""<h3 class=\""sf-subscribe__title\""><span>What that looks like:</span></h3>"",""permalinkIds"":[],""imageIds"":[]}],""metaType"":""area""},""cards"":[{""_id"":""i903w8nm9pfvu0s4x41o6cwi"",""metaType"":""arrayItem"",""scopedArrayName"":""widget.simple-cards.cards"",""cardTitle"":""Embedded alignment"",""cardContent"":{""_id"":""q3s917755vf0iv7gcyszux25"",""items"":[],""metaType"":""area""}},{""_id"":""aa80ye5g28o3xplbaej7km6v"",""metaType"":""arrayItem"",""scopedArrayName"":""widget.simple-cards.cards"",""cardTitle"":""Reliable, evolving delivery"",""cardContent"":{""_id"":""z9ltxb9sjlupz3o3uaiknz4l"",""items"":[],""metaType"":""area""}},{""_id"":""xenopz05luwq1ir1a5sl0edk"",""metaType"":""arrayItem"",""scopedArrayName"":""widget.simple-cards.cards"",""cardTitle"":""Human-centered development"",""cardContent"":{""_id"":""gothv09k5k00vct4mwjniesz"",""items"":[],""metaType"":""area""}},{""_id"":""eb3rqaxifi2kj6t7r891y6q3"",""metaType"":""arrayItem"",""scopedArrayName"":""widget.simple-cards.cards"",""cardTitle"":""Strategic adaptability"",""cardContent"":{""_id"":""i48epejvb6tofu61eyllnwa4"",""items"":[],""metaType"":""area""}}],""_id"":""ek84ciokbtvjf3h7knbs6idi"",""metaType"":""widget"",""type"":""simple-cards"",""aposPlaceholder"":false},{""_id"":""d53g5wpljwmeyhpwd97wvu0c"",""metaType"":""widget"",""type"":""@apostrophecms/rich-text"",""aposPlaceholder"":false,""content"":""<p><span><strong>With 900+ launches and a 95% retention rate, we’ve helped organizations turn complexity into momentum — and teams into trusted collaborators.</strong></span></p>"",""permalinkIds"":[],""imageIds"":[]},{""size"":32,""_id"":""pnf93en8olnxymz5jxmyuhah"",""metaType"":""widget"",""type"":""whitespace"",""aposPlaceholder"":false},{""alignment"":""center"",""buttonCollection"":[{""_id"":""iywwa2jfz7beqwbd272hwumk"",""metaType"":""arrayItem"",""scopedArrayName"":""widget.buttons.buttonCollection"",""button"":{""_id"":""ibl4p222c7lm6y6fxuml7pyv"",""linkTitle"":""See our case studies"",""linkType"":""page"",""customUrl"":null,""target"":[],""metaType"":""object"",""scopedObjectName"":""widget.buttons.button"",""pageIds"":[""clt4cxwou0005g5kqdtxxb89u""],""pageFields"":{""clt4cxwou0005g5kqdtxxb89u"":{}},""fileIds"":[],""fileFields"":{}},""buttonConfig"":{""_id"":""b6f7cxywbwqdyd2xs3co37a4"",""buttonStyle"":""sf-button_underline"",""metaType"":""object"",""scopedObjectName"":""widget.buttons.buttonConfig""}},{""_id"":""xjfwt38gilsx73hmdrtf0lyz"",""metaType"":""arrayItem"",""scopedArrayName"":""widget.buttons.buttonCollection"",""button"":{""_id"":""vhmpvhy21f5vowb3a5hjzkoj"",""linkTitle"":""How we deliver"",""linkType"":""page"",""customUrl"":null,""target"":[],""metaType"":""object"",""scopedObjectName"":""widget.buttons.button"",""pageIds"":[""clt4cxwou0005g5kqdtxxb89u""],""pageFields"":{""clt4cxwou0005g5kqdtxxb89u"":{}},""fileIds"":[],""fileFields"":{}},""buttonConfig"":{""_id"":""nh2mj7sqv343nbid14j3kyj2"",""buttonStyle"":""sf-button_underline"",""metaType"":""object"",""scopedObjectName"":""widget.buttons.buttonConfig""}},{""_id"":""jrhdy5o90i34l5a8ue912qn5"",""metaType"":""arrayItem"",""scopedArrayName"":""widget.buttons.buttonCollection"",""button"":{""_id"":""sfi4uw9ou2pq03urz6o8yr68"",""linkTitle"":""Let’s start building"",""linkType"":""page"",""customUrl"":null,""target"":[],""metaType"":""object"",""scopedObjectName"":""widget.buttons.button"",""pageIds"":[""clt4cxwou0005g5kqdtxxb89u""],""pageFields"":{""clt4cxwou0005g5kqdtxxb89u"":{}},""fileIds"":[],""fileFields"":{}},""buttonConfig"":{""_id"":""wdwqdvsggq90fa0u6zj9ul2k"",""buttonStyle"":""sf-button_underline"",""metaType"":""object"",""scopedObjectName"":""widget.buttons.buttonConfig""}}],""_id"":""ls7mbp3l44calw4v01mxy6sr"",""metaType"":""widget"",""type"":""buttons"",""aposPlaceholder"":false},{""size"":52,""_id"":""rox5wlho8dhfn4k8uk2pp3g5"",""metaType"":""widget"",""type"":""whitespace"",""aposPlaceholder"":false}],""metaType"":""area""}",/built-differently,default-page,public,false,,,0,1,zr260y61lqil7fqyodplg3qo,clt4cxwou0005g5kqdtxxb89u/zr260y61lqil7fqyodplg3qo,2025-04-28T12:02:09.764Z,en:published,published,doc,2025-04-26T16:47:51.824Z,false,built differently,2025-04-28T12:02:09.768Z,2025-04-28T12:02:09.768Z,"{""_id"":""dvt6sqdpaxqlq28ovgdq32ar"",""title"":""admin"",""username"":""admin""}",built differently built differently built differently default page public built differently built differently we solve people problems as well as tech problems embedded alignment reliable evolving delivery human centered development strategic adaptability center see our case studies page sf button underline how we deliver page sf button underline let s start building page sf button underline,"[""built"",""differently"",""default"",""page"",""public"",""we"",""solve"",""people"",""problems"",""as"",""well"",""tech"",""embedded"",""alignment"",""reliable"",""evolving"",""delivery"",""human"",""centered"",""development"",""strategic"",""adaptability"",""center"",""see"",""our"",""case"",""studies"",""sf"",""button"",""underline"",""how"",""deliver"",""let"",""s"",""start"",""building""]",built differently built differently built differently default page public built differently built differently we solve people problems as well as tech problems most software failures don t happen in the code they happen in the gaps between teams unclear expectations shifting priorities and short term thinking we work differently our approach is built for complexity with long term partnership adaptive delivery and developmental practices that help people grow alongside the systems they build what that looks like embedded alignment reliable evolving delivery human centered development strategic adaptability with 900 launches and a 95 retention rate we ve helped organizations turn complexity into momentum and teams into trusted collaborators center see our case studies page sf button underline how we deliver page sf button underline let s start building page sf button underline,"
Most software failures don’t happen in the code. They happen in the gaps between teams, unclear expectations, shifting priorities, and short-term thinking.
We work differently.
Our approach is built for complexity — with long-term partnership, adaptive delivery, and developmental practices that help people grow alongside the systems they build. 
What that looks like: 
With 900+ launches and a 95% retention rate, we’ve helped organizations turn complexity into momentum — and teams into trusted collaborators.","[""/built-differently""]","{""_id"":""rn65u00sp4q2qcfgazm9035t"",""items"":[],""metaType"":""area""}",,,,,,,,,,,,,,,,,,,,,,,,,,,,,,,,,,,,,,,,,,,
rl96be3fizx8ui6vwgqthhe4:en:published,Fertility Lifelines,,fertility-lifelines,projects,public,,,,,,rl96be3fizx8ui6vwgqthhe4,,2024-11-06T02:40:45.021Z,en:published,published,doc,2024-11-05T14:15:30.209Z,false,fertility lifelines,2024-11-06T02:40:45.031Z,2024-11-12T02:12:06.659Z,"{""_id"":""yf5mwlo6ixb47pgcdlf8evig"",""title"":""alexost"",""username"":""alexost""}",fertility lifelines fertility lifelines video fertility lifelines cms based development cloud migration website redesign and migration fertility lifelines public,"[""fertility"",""lifelines"",""video"",""cms"",""based"",""development"",""cloud"",""migration"",""website"",""redesign"",""and"",""public""]",fertility lifelines fertility lifelines video fertility lifelines cms based development cloud migration website redesign and migration developed a wordpress site for fertility savings treatments and resources fertility lifelines public,"
Developed a WordPress site for fertility savings, treatments, and resources.",,,,,"[""clt4cxwou0005g5kqdtxxb89u""]",,,,,,,,,"{""_id"":""do29nx8u2n5ea095t2osadyr"",""items"":[{""_id"":""r25mosn6nxmbh4z456rgbcdt"",""metaType"":""widget"",""type"":""@apostrophecms/image"",""aposPlaceholder"":false,""imageIds"":[""sk807rxh1dwiycwoqe35idqp""],""imageFields"":{""sk807rxh1dwiycwoqe35idqp"":{""top"":0,""left"":277,""width"":1600,""height"":1200,""x"":50,""y"":50}}}],""metaType"":""area""}","CMS-based Development, Cloud Migration",Website Redesign and Migration,"{""_id"":""k9bgavm6cf9tqtkmh8rlknus"",""items"":[{""_id"":""df5w0raaxpjfibtzw75jebzk"",""metaType"":""widget"",""type"":""@apostrophecms/rich-text"",""aposPlaceholder"":false,""content"":""<p class=\""paragraph\""><span>Developed a WordPress site for fertility savings, treatments, and resources.</span></p>"",""permalinkIds"":[],""imageIds"":[]}],""metaType"":""area""}","[""rv8fhxomcw3jus7w6uwi3ctj""]","{""rv8fhxomcw3jus7w6uwi3ctj"":{}}",video,,,,,,,,,,,,,,,,,,,,,,,,,
sk807rxh1dwiycwoqe35idqp:en:published,lifelines,,image-lifelines,@apostrophecms/image,public,,,,,,sk807rxh1dwiycwoqe35idqp,,2024-11-04T22:46:24.396Z,en:published,published,doc,2024-11-04T22:46:24.396Z,false,lifelines,2024-11-04T22:46:24.397Z,2024-11-06T02:40:45.031Z,"{""_id"":""yf5mwlo6ixb47pgcdlf8evig"",""title"":""alexost"",""username"":""alexost""}",lifelines image lifelines lifelines lifelines image lifelines,"[""lifelines"",""image""]",lifelines image lifelines lifelines lifelines image lifelines,,,,,,"[""rl96be3fizx8ui6vwgqthhe4""]",,"{""_id"":""fkxao5zfdzraomhucyf4jzi0"",""crop"":null,""group"":""images"",""createdAt"":""2024-11-04T22:46:24.253Z"",""name"":""lifelines"",""title"":""lifelines"",""extension"":""jpg"",""type"":""attachment"",""docIds"":[],""archivedDocIds"":[],""length"":993819,""md5"":""f2c4f95343c1235a63135ac6adc9cee6"",""width"":2154,""height"":1200,""landscape"":true,""used"":true}",,,,[],{},,,,,,,,,,,,,,,,,,,,,,,,,,,,,,,,,
rv8fhxomcw3jus7w6uwi3ctj:en:published,life,,file-life,@apostrophecms/file,public,,,,,,rv8fhxomcw3jus7w6uwi3ctj,,2024-11-06T02:39:32.157Z,en:published,published,doc,2024-11-06T02:39:32.157Z,false,life,2024-11-06T02:39:32.157Z,2024-11-06T02:40:45.031Z,"{""_id"":""yf5mwlo6ixb47pgcdlf8evig"",""title"":""alexost"",""username"":""alexost""}",life file life life life file life,"[""life"",""file""]",life file life life life file life,,,,,,"[""rl96be3fizx8ui6vwgqthhe4""]",,"{""_id"":""llgwmvbhd14gjkr4c5qqgl73"",""crop"":null,""group"":""videofiles"",""createdAt"":""2024-11-06T02:39:30.052Z"",""name"":""life"",""title"":""life"",""extension"":""mp4"",""type"":""attachment"",""docIds"":[],""archivedDocIds"":[],""length"":8938956,""md5"":""81a832e2464fe5bcb3629f0f45c94917"",""used"":true}",,,,[],{},,,,,,,,,,,,,,,,,,,,,,,,,,,,,,,,,
et3te28y5njkmgj67glt5uei:en:published,Watts Water,,watts-water,projects,public,,,,,,et3te28y5njkmgj67glt5uei,,2024-11-05T23:09:23.755Z,en:published,published,doc,2024-11-05T14:18:03.116Z,false,watts water,2024-11-05T23:09:23.770Z,2024-11-12T02:12:06.659Z,"{""_id"":""yf5mwlo6ixb47pgcdlf8evig"",""title"":""alexost"",""username"":""alexost""}",watts water watts water video watts water mobile development enabling iot for water solutions watts water public,"[""watts"",""water"",""video"",""mobile"",""development"",""enabling"",""iot"",""for"",""solutions"",""public""]",watts water watts water video watts water mobile development enabling iot for water solutions delivered a mobile app for water engineers to access device data offline and sync with cloud when online watts water public,"
Delivered a mobile app for water engineers to access device data offline and sync with cloud when online.",,,,,"[""clt4cxwou0005g5kqdtxxb89u""]",,,,,,,,,"{""_id"":""liucuxovewktxiu16n8xo4aq"",""items"":[{""_id"":""z9pgwlbd9c02rnjlzihtzdwo"",""metaType"":""widget"",""type"":""@apostrophecms/image"",""aposPlaceholder"":false,""imageIds"":[""u7g8s61ni9nsbkkkcq7ar4tk""],""imageFields"":{""u7g8s61ni9nsbkkkcq7ar4tk"":{""top"":null,""left"":null,""width"":null,""height"":null,""x"":null,""y"":null}}}],""metaType"":""area""}",Mobile Development,Enabling IoT for Water Solutions,"{""_id"":""foswxatongupivpi5f6dec43"",""items"":[{""_id"":""cm2678tdn8ec4bt89f9g9evc"",""metaType"":""widget"",""type"":""@apostrophecms/rich-text"",""aposPlaceholder"":false,""content"":""<p class=\""paragraph\""><span>Delivered a mobile app for water engineers to access device data offline and sync with cloud when online.</span></p>"",""permalinkIds"":[],""imageIds"":[]}],""metaType"":""area""}","[""bky54v54uw6al0niu9q1y0q7""]","{""clurlny5q00wfclkqdsp80ux9"":{},""bky54v54uw6al0niu9q1y0q7"":{}}",video,,,,,,,,,,,,,,,,,,,,,,,,,
u7g8s61ni9nsbkkkcq7ar4tk:en:published,water,,image-water,@apostrophecms/image,public,,,,,,u7g8s61ni9nsbkkkcq7ar4tk,,2024-11-04T22:42:52.481Z,en:published,published,doc,2024-11-04T22:42:52.481Z,false,water,2024-11-04T22:42:52.481Z,2024-11-05T23:09:23.770Z,"{""_id"":""yf5mwlo6ixb47pgcdlf8evig"",""title"":""alexost"",""username"":""alexost""}",water image water water water image water,"[""water"",""image""]",water image water water water image water,,,,,,"[""et3te28y5njkmgj67glt5uei""]",,"{""_id"":""kq3wddmzdkbyusktmgenhbvx"",""crop"":null,""group"":""images"",""createdAt"":""2024-11-04T22:42:52.308Z"",""name"":""water"",""title"":""water"",""extension"":""jpg"",""type"":""attachment"",""docIds"":[],""archivedDocIds"":[],""length"":1063336,""md5"":""67064e4a5f1af74fa63a3e82599a921a"",""width"":2154,""height"":1200,""landscape"":true,""used"":true}",,,,[],{},,,,,,,,,,,,,,,,,,,,,,,,,,,,,,,,,
bky54v54uw6al0niu9q1y0q7:en:published,water,,file-water,@apostrophecms/file,public,,,,,,bky54v54uw6al0niu9q1y0q7,,2024-11-05T23:09:05.133Z,en:published,published,doc,2024-11-05T23:09:05.133Z,false,water,2024-11-05T23:09:05.133Z,2024-11-05T23:09:23.770Z,"{""_id"":""yf5mwlo6ixb47pgcdlf8evig"",""title"":""alexost"",""username"":""alexost""}",water file water water water file water,"[""water"",""file""]",water file water water water file water,,,,,,"[""et3te28y5njkmgj67glt5uei""]",,"{""_id"":""vufexza5vy19qp8aa2vfhecs"",""crop"":null,""group"":""videofiles"",""createdAt"":""2024-11-05T22:45:18.449Z"",""name"":""water"",""title"":""water"",""extension"":""mp4"",""type"":""attachment"",""docIds"":[],""archivedDocIds"":[],""length"":26961258,""md5"":""77da1374f987ac1adc24ed0f49f1c0ca"",""used"":true}",,,,[],{},,,,,,,,,,,,,,,,,,,,,,,,,,,,,,,,,
adnux195j1nevw20dmnm745w:en:published,PoC,,poc,projects,public,,,,,,adnux195j1nevw20dmnm745w,,2024-11-05T14:16:59.923Z,en:published,published,doc,2024-11-05T14:16:59.924Z,false,poc,2024-11-05T14:16:59.924Z,2024-11-12T02:12:06.659Z,"{""_id"":""yf5mwlo6ixb47pgcdlf8evig"",""title"":""alexost"",""username"":""alexost""}",poc poc poc mvp development ml ai film industry ai assistant poc public,"[""poc"",""mvp"",""development"",""ml"",""ai"",""film"",""industry"",""assistant"",""public""]",poc poc poc mvp development ml ai film industry ai assistant created a 3 tier ai assistant to support film production at personal project and company levels poc public,"
Created a 3-tier AI assistant to support film production at personal, project, and company levels.",,,,,"[""clt4cxwou0005g5kqdtxxb89u""]",,,,,,,,,"{""_id"":""n4q0cq7zd3ucremyxtnatvx3"",""items"":[{""_id"":""kwutvhohr3w2ip63lxsndgxq"",""metaType"":""widget"",""type"":""@apostrophecms/image"",""aposPlaceholder"":false,""imageIds"":[""umr086m3crt95c8iyf3k5gwm""],""imageFields"":{""umr086m3crt95c8iyf3k5gwm"":{""top"":0,""left"":0,""width"":4032,""height"":3024,""x"":null,""y"":null}}}],""metaType"":""area""}","MVP development, ML/AI",Film Industry AI Assistant,"{""_id"":""q1c3vpn50bfizm9ypfwrf2ra"",""items"":[{""_id"":""vx2cjg5u1dkuarv5e468htii"",""metaType"":""widget"",""type"":""@apostrophecms/rich-text"",""aposPlaceholder"":false,""content"":""<p class=\""paragraph\""><span>Created a 3-tier AI assistant to support film production at personal, project, and company levels.</span></p>"",""permalinkIds"":[],""imageIds"":[]}],""metaType"":""area""}",[],{},image,,,,,,,,,,,,,,,,,,,,,,,,,
umr086m3crt95c8iyf3k5gwm:en:published,film,,image-film,@apostrophecms/image,public,,,,,,umr086m3crt95c8iyf3k5gwm,,2024-11-04T22:44:53.523Z,en:published,published,doc,2024-11-04T22:44:53.524Z,false,film,2024-11-04T22:44:53.524Z,2024-11-04T22:45:53.191Z,"{""_id"":""yf5mwlo6ixb47pgcdlf8evig"",""title"":""alexost"",""username"":""alexost""}",film image film film film image film,"[""film"",""image""]",film image film film film image film,,,,,,"[""adnux195j1nevw20dmnm745w""]",,"{""_id"":""ko5o0ng9l2ibtpfl67rm0z30"",""crop"":null,""group"":""images"",""createdAt"":""2024-11-04T22:44:53.404Z"",""name"":""film"",""title"":""film"",""extension"":""jpg"",""type"":""attachment"",""docIds"":[],""archivedDocIds"":[],""length"":2896029,""md5"":""bab673d8fb5296c19493a669871b6d17"",""width"":4032,""height"":3024,""landscape"":true,""used"":true}",,,,[],{},,,,,,,,,,,,,,,,,,,,,,,,,,,,,,,,,
e42pyx9h7fka80vpnsyv5bq4:en:published,Andy Fleming,,andy-fleming,testimonials,public,,,,,,e42pyx9h7fka80vpnsyv5bq4,,2024-11-13T23:30:33.566Z,en:published,published,doc,2024-10-01T12:48:28.061Z,false,andy fleming,2024-11-13T23:30:33.587Z,2024-11-13T23:30:33.587Z,"{""_id"":""yf5mwlo6ixb47pgcdlf8evig"",""title"":""alexost"",""username"":""alexost""}",andy fleming andy fleming andy fleming ceo founding principal the developmental edge developmentaledge com andy fleming public,"[""andy"",""fleming"",""ceo"",""founding"",""principal"",""the"",""developmental"",""edge"",""developmentaledge"",""com"",""public""]",andy fleming andy fleming andy fleming ceo founding principal the developmental edge the developmental sprint app enables individuals and teams to overcome hurdles to success within three months of our initial conversation with s f we had our first beta version to test with a client within six months we were using it as a cornerstone of our business expansion developmentaledge com andy fleming public,"
The Developmental Sprint® app enables individuals and teams to overcome hurdles to success. Within three months of our initial conversation with S&F, we had our first beta-version to test with a client. Within six months, we were using it as a cornerstone of our business expansion.",,,,,"[""clt4cxwou0005g5kqdtxxb89u""]",,,,,,,,,,,,,,,,"{""_id"":""z9wkydis3c6nhp0qudcrtkl4"",""items"":[{""_id"":""utzwzr00fhechcipkamrglnv"",""metaType"":""widget"",""type"":""@apostrophecms/rich-text"",""aposPlaceholder"":false,""content"":""<p class=\""paragraph\"">The Developmental Sprint® app enables individuals and teams to overcome hurdles to success. Within three months of our initial conversation with S&amp;F, we had our first beta-version to test with a client. Within six months, we were using it as a cornerstone of our business expansion.</p>"",""permalinkIds"":[],""imageIds"":[]}],""metaType"":""area""}",CEO & Founding Principal,"{""_id"":""m2cj9c2zmi67ny5cmr0pbx8j"",""items"":[{""_id"":""nqizlpdh7fgxudg8karbmql0"",""metaType"":""widget"",""type"":""@apostrophecms/image"",""aposPlaceholder"":false,""imageIds"":[""ystfnctrjy2t6jh18m896sf8""],""imageFields"":{""ystfnctrjy2t6jh18m896sf8"":{""top"":null,""left"":null,""width"":null,""height"":null,""x"":null,""y"":null}}}],""metaType"":""area""}",developmentaledge.com,[],{},The Developmental Edge,,,,,,,,,,,,,,,,,,
ystfnctrjy2t6jh18m896sf8:en:published,andy,,image-andy,@apostrophecms/image,public,,,,,,ystfnctrjy2t6jh18m896sf8,,2024-11-13T23:30:23.669Z,en:published,published,doc,2024-11-13T23:29:04.354Z,false,andy,2024-11-13T23:30:23.681Z,2024-11-13T23:30:33.587Z,"{""_id"":""yf5mwlo6ixb47pgcdlf8evig"",""title"":""alexost"",""username"":""alexost""}",andy image andy endy andy image andy,"[""andy"",""image"",""endy""]",andy image andy endy andy image andy,,,,,,"[""e42pyx9h7fka80vpnsyv5bq4""]",,"{""_id"":""i6sbjyr8qbnspryzrr36byjp"",""crop"":null,""group"":""images"",""createdAt"":""2024-11-13T23:29:04.195Z"",""name"":""endy"",""title"":""endy"",""extension"":""jpg"",""type"":""attachment"",""docIds"":[""ystfnctrjy2t6jh18m896sf8:en:draft"",""ystfnctrjy2t6jh18m896sf8:en:published""],""archivedDocIds"":[],""length"":50593,""md5"":""736e383d81204e76bcaab2ef3975ca0c"",""width"":320,""height"":320,""portrait"":true,""used"":true,""utilized"":true,""archived"":false}",,,,[],{},,,,,,,,,,,,,,,,,,,,,,,,,,,,,,,,,
xon1gwv5h9bcxtod1ed61rjx:en:published,Matt from Wikimedia,,matt-from-wikimedia,testimonials,public,,,,,,xon1gwv5h9bcxtod1ed61rjx,,2024-11-13T23:29:47.186Z,en:published,published,doc,2024-10-01T12:49:47.563Z,false,matt from wikimedia,2024-11-13T23:29:47.204Z,2024-11-13T23:29:47.204Z,"{""_id"":""yf5mwlo6ixb47pgcdlf8evig"",""title"":""alexost"",""username"":""alexost""}",matt from wikimedia matt from wikimedia matt from wikimedia leader wikimedia wikimediafoundation org matt from wikimedia public,"[""matt"",""from"",""wikimedia"",""leader"",""wikimediafoundation"",""org"",""public""]",matt from wikimedia matt from wikimedia matt from wikimedia leader wikimedia speed function connects the dots unfortunately other parts of the world give you only what you ask for you don t get connecting the dots problem solving or creativity wikimediafoundation org matt from wikimedia public,"
Speed & Function connects the dots. Unfortunately, other parts of the world give you only what you ask for. You don’t get connecting the dots, problem-solving, or creativity.",,,,,"[""clt4cxwou0005g5kqdtxxb89u""]",,,,,,,,,,,,,,,,"{""_id"":""y7i20kniigsdxrppf1d3c5iq"",""items"":[{""_id"":""ep1mvzf8jnmtehhrwxc9qguv"",""metaType"":""widget"",""type"":""@apostrophecms/rich-text"",""aposPlaceholder"":false,""content"":""<p class=\""paragraph\"">Speed &amp; Function connects the dots. Unfortunately, other parts of the world give you only what you ask for. You don’t get connecting the dots, problem-solving, or creativity.</p>"",""permalinkIds"":[],""imageIds"":[]}],""metaType"":""area""}",Leader,"{""_id"":""o6oyl30i5ni6n9922rn5kbpv"",""items"":[{""_id"":""ymlqht9i7tcvsrx09fwwg2ov"",""metaType"":""widget"",""type"":""@apostrophecms/image"",""aposPlaceholder"":false,""imageIds"":[""mb4cgudduxloxhgrjtinv0gv""],""imageFields"":{""mb4cgudduxloxhgrjtinv0gv"":{""top"":null,""left"":null,""width"":null,""height"":null,""x"":null,""y"":null}}}],""metaType"":""area""}",wikimediafoundation.org,[],{},Wikimedia,,,,,,,,,,,,,,,,,,
mb4cgudduxloxhgrjtinv0gv:en:published,mat,,image-mat,@apostrophecms/image,public,,,,,,mb4cgudduxloxhgrjtinv0gv,,2024-11-13T23:29:05.445Z,en:published,published,doc,2024-11-13T23:29:05.445Z,false,mat,2024-11-13T23:29:05.445Z,2024-11-13T23:29:47.204Z,"{""_id"":""yf5mwlo6ixb47pgcdlf8evig"",""title"":""alexost"",""username"":""alexost""}",mat image mat mat mat image mat,"[""mat"",""image""]",mat image mat mat mat image mat,,,,,,"[""xon1gwv5h9bcxtod1ed61rjx""]",,"{""_id"":""akh3b0sqiwv4xgthkqmt8t4j"",""crop"":null,""group"":""images"",""createdAt"":""2024-11-13T23:29:05.278Z"",""name"":""mat"",""title"":""mat"",""extension"":""jpg"",""type"":""attachment"",""docIds"":[],""archivedDocIds"":[],""length"":65275,""md5"":""a20d3639e1a7d30b00c6a4032992af1c"",""width"":320,""height"":320,""portrait"":true,""used"":true}",,,,[],{},,,,,,,,,,,,,,,,,,,,,,,,,,,,,,,,,
p54c161yx1vbwympn3fjy5le:en:published,Robert Scanlon,,robert-scanlon,testimonials,public,,,,,,p54c161yx1vbwympn3fjy5le,,2024-11-13T23:29:25.452Z,en:published,published,doc,2024-11-04T14:21:10.378Z,false,robert scanlon,2024-11-13T23:29:25.475Z,2024-11-13T23:29:25.475Z,"{""_id"":""yf5mwlo6ixb47pgcdlf8evig"",""title"":""alexost"",""username"":""alexost""}",robert scanlon robert scanlon robert scanlon president of scanlon consulting group llc wikimediafoundation org robert scanlon public,"[""robert"",""scanlon"",""president"",""of"",""consulting"",""group"",""llc"",""wikimediafoundation"",""org"",""public""]",robert scanlon robert scanlon robert scanlon president of scanlon consulting group llc speed function connects the dots unfortunately other parts of the world give you only what you ask for you don t get connecting the dots problem solving or creativity wikimediafoundation org robert scanlon public,"
Speed & Function connects the dots. Unfortunately, other parts of the world give you only what you ask for. You don’t get connecting the dots, problem-solving, or creativity.",,,,,"[""clt4cxwou0005g5kqdtxxb89u""]",,,,,,,,,,,,,,,,"{""_id"":""arevij2olj7jf70be2fnx41q"",""items"":[{""_id"":""vavaaptmzu1ughuv75grs4g6"",""metaType"":""widget"",""type"":""@apostrophecms/rich-text"",""aposPlaceholder"":false,""content"":""<p class=\""paragraph\"">Speed &amp; Function connects the dots. Unfortunately, other parts of the world give you only what you ask for. You don’t get connecting the dots, problem-solving, or creativity.</p>"",""permalinkIds"":[],""imageIds"":[]}],""metaType"":""area""}",President of Scanlon,"{""_id"":""d4botnh486t0o3pymu99gtyu"",""items"":[{""_id"":""vhli0bsk5cvj85hvlqsav607"",""metaType"":""widget"",""type"":""@apostrophecms/image"",""aposPlaceholder"":false,""imageIds"":[""foyggalaxx9dvy8z6jyumt1g""],""imageFields"":{""foyggalaxx9dvy8z6jyumt1g"":{""top"":null,""left"":null,""width"":null,""height"":null,""x"":null,""y"":null}}}],""metaType"":""area""}",wikimediafoundation.org,,,Consulting Group LLC,,,,,,,,,,,,,,,,,,
foyggalaxx9dvy8z6jyumt1g:en:published,robert,,image-robert,@apostrophecms/image,public,,,,,,foyggalaxx9dvy8z6jyumt1g,,2024-11-13T23:29:04.704Z,en:published,published,doc,2024-11-13T23:29:04.705Z,false,robert,2024-11-13T23:29:04.705Z,2024-11-13T23:29:25.475Z,"{""_id"":""yf5mwlo6ixb47pgcdlf8evig"",""title"":""alexost"",""username"":""alexost""}",robert image robert robert robert image robert,"[""robert"",""image""]",robert image robert robert robert image robert,,,,,,"[""p54c161yx1vbwympn3fjy5le""]",,"{""_id"":""nipgd5wz5fzckzxqvmdjz463"",""crop"":null,""group"":""images"",""createdAt"":""2024-11-13T23:29:04.568Z"",""name"":""robert"",""title"":""robert"",""extension"":""jpg"",""type"":""attachment"",""docIds"":[],""archivedDocIds"":[],""length"":30755,""md5"":""09f1e3b62594def00ef9ace8af0794f7"",""width"":320,""height"":320,""portrait"":true,""used"":true}",,,,[],{},,,,,,,,,,,,,,,,,,,,,,,,,,,,,,,,,
biew2u5z44zn7p6nfx5ljbhb:en:published,Test,,test,testimonials,public,,,,,,biew2u5z44zn7p6nfx5ljbhb,,2024-11-04T14:27:24.726Z,en:published,published,doc,2024-11-04T14:27:24.726Z,false,test,2024-11-04T14:27:24.726Z,2024-11-12T02:12:06.659Z,"{""_id"":""yf5mwlo6ixb47pgcdlf8evig"",""title"":""alexost"",""username"":""alexost""}",test test test test test test test public,"[""test"",""public""]",test test test test test test test test public,"
test",,,,,"[""clt4cxwou0005g5kqdtxxb89u""]",,,,,,,,,,,,,,,,"{""_id"":""o2l4uk84chc38frhenr62c1u"",""items"":[{""_id"":""g6n9npqvzg1t5citysidla05"",""metaType"":""widget"",""type"":""@apostrophecms/rich-text"",""aposPlaceholder"":false,""content"":""<p class=\""paragraph\"">test</p>"",""permalinkIds"":[],""imageIds"":[]}],""metaType"":""area""}",Test,"{""_id"":""mfbeqrpo9p5fzdq1lvgb38dr"",""items"":[{""_id"":""i42cunati3yumvjqa87hph9p"",""metaType"":""widget"",""type"":""@apostrophecms/image"",""aposPlaceholder"":false,""imageIds"":[""clt62my96003uqmkq4nmp1xlk""],""imageFields"":{""clt62my96003uqmkq4nmp1xlk"":{""top"":0,""left"":186,""width"":377,""height"":377,""x"":38,""y"":50}}}],""metaType"":""area""}",test,,,Test,,,,,,,,,,,,,,,,,,
clt62my96003uqmkq4nmp1xlk:en:published,2b0e75db72cd6957ee3d511306bb42325253e6e6,,image-2b0e75db72cd6957ee3d511306bb42325253e6e6,@apostrophecms/image,public,,,,,,clt62my96003uqmkq4nmp1xlk,,2024-02-29T17:26:08.648Z,en:published,published,doc,2024-02-28T17:29:20.886Z,false,2b0e75db72cd6957ee3d511306bb42325253e6e6,2024-02-29T17:26:08.655Z,2024-11-04T14:27:24.726Z,"{""_id"":""clt4dglec000334kqg619c9ru"",""title"":""admin"",""username"":""admin""}",2b0e75db72cd6957ee3d511306bb42325253e6e6 image 2b0e75db72cd6957ee3d511306bb42325253e6e6 2b0e75db72cd6957ee3d511306bb42325253e6e6 2b0e75db72cd6957ee3d511306bb42325253e6e6 aups image 2b0e75db72cd6957ee3d511306bb42325253e6e6,"[""2b0e75db72cd6957ee3d511306bb42325253e6e6"",""image"",""aups""]",2b0e75db72cd6957ee3d511306bb42325253e6e6 image 2b0e75db72cd6957ee3d511306bb42325253e6e6 2b0e75db72cd6957ee3d511306bb42325253e6e6 2b0e75db72cd6957ee3d511306bb42325253e6e6 aups image 2b0e75db72cd6957ee3d511306bb42325253e6e6,,,,,,"[""biew2u5z44zn7p6nfx5ljbhb""]",,"{""_id"":""clt62my0w003tqmkqgkxaeftt"",""crop"":null,""group"":""images"",""createdAt"":""2024-02-28T17:29:20.716Z"",""name"":""2b0e75db72cd6957ee3d511306bb42325253e6e6"",""title"":""2b0e75db72cd6957ee3d511306bb42325253e6e6"",""extension"":""jpg"",""type"":""attachment"",""docIds"":[""clt62my96003uqmkq4nmp1xlk:en:draft"",""clt62my96003uqmkq4nmp1xlk:en:published"",""clt62my96003uqmkq4nmp1xlk:en:previous""],""archivedDocIds"":[],""length"":23253,""md5"":""70d7da1cac2fc302382295da498ead4f"",""width"":657,""height"":377,""landscape"":true,""used"":true,""utilized"":true,""archived"":false}",aups,,,[],{},,,,,,,,,,,,,,,,,,,,,,,,,,,,,,,,,
j7cnb0e0l4lqvtn8gr7btl7w:en:published,Let’s Talk,,let-s-talk,@apostrophecms/form,public,,,,,,j7cnb0e0l4lqvtn8gr7btl7w,,2024-11-18T23:33:06.584Z,en:published,published,doc,2024-11-05T07:42:14.080Z,false,let s talk,2024-11-18T23:33:06.597Z,2024-11-18T23:33:06.597Z,"{""_id"":""yf5mwlo6ixb47pgcdlf8evig"",""title"":""alexost"",""username"":""alexost""}",let s talk let s talk let s talk name name text linkedin profile linkedin profile text e mail e mail text describe your project or challenge describe your project or challenge let s talk public your future starts now send,"[""let"",""s"",""talk"",""name"",""text"",""linkedin"",""profile"",""e"",""mail"",""describe"",""your"",""project"",""or"",""challenge"",""public"",""future"",""starts"",""now"",""send""]",let s talk let s talk let s talk name name text linkedin profile linkedin profile text e mail e mail text describe your project or challenge describe your project or challenge let s talk public your future starts now we ll be in touch by email within 24 hours meanwhile feel free to explore more about our future collaboration send,"
We’ll be in touch by email within 24 hours. Meanwhile, feel free to explore more about our future collaboration.",,,,,"[""clt4cxwou0005g5kqdtxxb89u""]",,,,,,,,,,,,,,,,,,,,,,,"{""_id"":""i920aj730e1p4h5ymfbg74wx"",""items"":[{""fieldLabel"":""Name*"",""required"":true,""fieldName"":""name"",""inputType"":""text"",""placeholder"":"""",""_id"":""vfi9qspnpox47ouh5svi8zz5"",""metaType"":""widget"",""type"":""@apostrophecms/form-text-field"",""aposPlaceholder"":false},{""fieldLabel"":""LinkedIn profile*"",""required"":true,""fieldName"":""linkedin-profile"",""inputType"":""text"",""placeholder"":"""",""_id"":""o7e4accnt6z352rpjsdxp33c"",""metaType"":""widget"",""type"":""@apostrophecms/form-text-field"",""aposPlaceholder"":false},{""fieldLabel"":""E-mail*"",""required"":true,""fieldName"":""e-mail"",""inputType"":""text"",""placeholder"":"""",""_id"":""eopowhmka5zgxyjwouxemjga"",""metaType"":""widget"",""type"":""@apostrophecms/form-text-field"",""aposPlaceholder"":false},{""fieldLabel"":""Describe your project or challenge"",""required"":false,""fieldName"":""describe-your-project-or-challenge"",""placeholder"":"""",""_id"":""x7harm3gb4nafbbz2g6mlwvp"",""metaType"":""widget"",""type"":""@apostrophecms/form-textarea-field"",""aposPlaceholder"":false}],""metaType"":""area""}",Your future starts now,"{""_id"":""aeemlt1auyvesemdyyr954jv"",""items"":[{""_id"":""u3u6oy3fp647ekhycnodskxn"",""metaType"":""widget"",""type"":""@apostrophecms/rich-text"",""aposPlaceholder"":false,""content"":""<p>We’ll be in touch by email within 24 hours. Meanwhile, feel free to explore more about our future collaboration.</p>"",""permalinkIds"":[],""imageIds"":[]}],""metaType"":""area""}",false,,,Send,false,false,[],false,,,,false,,,
